,ticker,1Y,5Y
0,A,25.07774,81.18707
0,AAPL,36.69364,293.28122
0,ABBV,28.88827,141.31953
0,ABNB,13.95465,-5.1966
0,ABT,22.1445,43.2823
0,ACGL,32.54337,154.75464
0,ACN,27.49373,100.72061
0,ADBE,-7.90141,86.52001
0,ADI,37.71282,103.10503
0,ADM,-22.47238,38.93564
0,ADP,20.62946,79.54083
0,ADSK,45.09313,104.80599
0,AEE,17.51465,15.09262
0,AEP,36.55078,6.01185
0,AFL,46.12494,113.138
0,AIG,31.48525,42.16315
0,AIZ,33.66112,52.37535
0,AJG,27.19368,220.62438
0,AKAM,2.58021,15.51855
0,ALB,-31.14177,39.55979
0,ALGN,-18.50068,3.10417
0,ALL,58.12197,76.52341
0,ALLE,56.92165,44.73008
0,AMAT,37.42084,250.41793
0,AMCR,31.59763,14.87603
0,AMD,57.88421,392.97534
0,AME,20.23286,91.95285
0,AMGN,15.99648,56.08338
0,AMP,67.86253,262.18988
0,AMT,39.03572,-3.45684
0,AMZN,49.39159,111.77195
0,ANET,117.67639,566.0269
0,ANSS,18.67073,49.67547
0,AON,14.02003,83.26924
0,AOS,18.39132,53.81605
0,APA,-39.0386,10.27668
0,APD,20.71213,55.29742
0,APH,68.90629,166.41434
0,APTV,-21.80703,-21.55327
0,ARE,26.65042,-24.13837
0,ATO,31.93246,27.1094
0,AVB,34.35833,0.95027923
0,AVGO,108.75667,521.51243
0,AVY,25.77217,81.78059
0,AWK,22.12121,15.33115
0,AXON,111.33854,748.58563
0,AXP,87.2467,127.41705
0,AZO,32.29421,189.97405
0,BA,-11.71629,-51.72476
0,BAC,63.31639,34.62282
0,BALL,54.5773,-8.43823
0,BAX,11.3242,-58.65461
0,BBY,36.6129,30.36239
0,BDX,-6.02118,-2.91043
0,BEN,-7.64388,-25.11848
0,BF-B,-12.37543,-24.4493
0,BG,-12.41128,61.10607
0,BIIB,-27.12814,-17.38625
0,BK,82.88744,66.14846
0,BKNG,54.76709,115.78645
0,BKR,5.13412,64.783
0,BLDR,66.65765,692.28461
0,BLK,62.75926,120.55109
0,BMY,-6.92857,-2.03008
0,BR,26.72883,76.95916
0,BRK-B,37.79836,119.47136
0,BRO,58.80503,189.59585
0,BSX,75.64333,127.81371
0,BWA,-10.17526,0.14581511
0,BX,84.13845,247.87126
0,BXP,64.04982,-33.12048
0,C,58.98689,-13.89779
0,CAG,10.56575,7.4654
0,CAH,22.10023,122.81293
0,CARR,67.79381,578.16667
0,CAT,57.88452,195.30364
0,CB,44.22332,94.29224
0,CBOE,31.74967,84.28039
0,CBRE,84.77188,134.60589
0,CCI,27.22549,-23.13219
0,CCL,86.99473,-50.64935
0,CDNS,5.51434,279.25094
0,CDW,10.42345,77.61567
0,CE,17.59505,9.63647
0,CEG,144.15306,551.71429
0,CF,4.87106,81.18812
0,CFG,74.13062,15.40191
0,CHD,14.12411,40.9905
0,CHRW,29.32652,25.42334
0,CHTR,-26.69487,-28.01488
0,CI,6.37103,92.0535
0,CINF,42.73931,20.79455
0,CL,38.07671,45.47584
0,CLX,31.47799,7.59375
0,CMCSA,-5.61248,-12.04427
0,CME,6.29184,10.18101
0,CMG,64.05606,250.55784
0,CMI,54.24411,94.74084
0,CMS,35.27846,11.29007
0,CNC,-13.91476,33.27507
0,CNP,12.27612,4.69729
0,COF,73.73313,71.94481
0,COO,32.40695,48.57302
0,COP,-13.47453,87.61615
0,COR,25.27275,172.95177
0,COST,60.56239,194.52969
0,CPAY,46.35364,19.36687
0,CPB,19.61529,-1.31551
0,CPRT,19.0487,151.36298
0,CPT,28.57454,2.70529
0,CRL,7.60828,51.59335
0,CRM,44.20297,101.51505
0,CRWD,72.85571,553.05907
0,CSCO,8.40996,19.41338
0,CSGP,5.61092,31.29667
0,CSX,11.60477,42.74809
0,CTAS,69.41619,213.40741
0,CTLT,42.53908,23.75077
0,CTRA,-16.19718,30.41096
0,CTSH,18.22516,26.47252
0,CTVA,21.48862,132.35294
0,CVS,-15.68343,-11.46119
0,CVX,-6.09908,29.38856
0,CZR,5.89942,262.88318
0,D,51.85935,-27.16574
0,DAL,71.97253,0.95272994
0,DAY,-6.08784,42.77215
0,DD,17.41837,28.70792
0,DE,9.02564,133.84474
0,DECK,94.16333,506.32815
0,DELL,91.73024,396.28752
0,DFS,77.81959,82.08603
0,DG,-30.46199,-50.63584
0,DGX,21.34212,44.08487
0,DHI,82.40306,250.32913
0,DHR,33.34477,122.0599
0,DIS,16.26955,-25.82527
0,DLR,40.67955,22.98072
0,DLTR,-38.23071,-42.31725
0,DOC,34.42424,-40.96353
0,DOV,43.99701,86.24022
0,DOW,8.22968,10.80221
0,DPZ,23.82716,67.47825
0,DRI,15.70038,48.91068
0,DTE,33.33333,16.40135
0,DUK,38.87409,25.76314
0,DVA,104.81806,175.38357
0,DVN,-15.99245,98.02372
0,DXCM,-15.5894,85.46616
0,EA,15.33164,52.08225
0,EBAY,59.72118,63.42333
0,ECL,62.85894,35.26956
0,ED,22.71625,14.65257
0,EFX,54.06055,89.56085
0,EG,-0.61177801,52.81401
0,EIX,36.82083,20.03121
0,EL,-34.83245,-51.93581
0,ELV,-6.53208,66.85502
0,EMN,54.62498,46.45477
0,EMR,22.46007,59.02348
0,ENPH,-6.09617,249.24681
0,EOG,-4.50471,85.79663
0,EPAM,-10.05262,7.52769
0,EQIX,25.80456,52.41015
0,EQR,31.62939,-16.41118
0,EQT,-13.98155,280.73298
0,ERIE,60.53949,152.23518
0,ES,26.05795,-23.22963
0,ESS,39.19836,-12.38047
0,ETN,77.55666,315.65269
0,ETR,48.52618,13.45992
0,EVRG,26.65563,-3.48525
0,EW,1.44823,-7.50851
0,EXC,5.46875,27.0389
0,EXPD,5.75198,61.8522
0,EXPE,71.34306,19.74901
0,EXR,52.40914,42.51124
0,F,-5.22648,20.48726
0,FANG,10.33753,120.46169
0,FAST,35.53503,111.38896
0,FCX,43.06177,388.18737
0,FDS,8.62908,87.5645
0,FDX,12.95962,76.80216
0,FE,24.89283,-9.89691
0,FFIV,48.85262,58.11811
0,FI,79.88322,88.78782
0,FICO,115.10694,569.27852
0,FIS,82.85599,-29.62819
0,FITB,88.40139,54.7823
0,FMC,7.24363,-25.38904
0,FOX,37.22836,20.03739
0,FOXA,37.86885,28.43616
0,FRT,31.89655,-18.9665
0,FSLR,29.69204,248.33156
0,FTNT,46.25668,437.68021
0,FTV,10.15569,28.14889
0,GD,32.10411,75.59419
0,GDDY,122.43485,162.14012
0,GE,128.26419,343.85283
0,GEHC,40.33443,49.66667
0,GEN,58.76777,16.11785
0,GEV,110.61333,110.61333
0,GILD,11.2558,32.32633
0,GIS,8.76166,30.96553
0,GL,-0.87222372,15.21739
0,GLW,74.63795,57.23838
0,GM,67.4538,36.18146
0,GNRC,88.7316,92.54766
0,GOOG,20.23205,166.08891
0,GOOGL,20.1978,163.73573
0,GPC,11.58584,40.50658
0,GPN,-8.08972,-38.03533
0,GRMN,63.23789,91.21296
0,GS,73.04993,147.4552
0,GWW,63.24164,253.67132
0,HAL,-32.14886,44.11015
0,HAS,32.73063,-40.12983
0,HBAN,59.56113,6.33705
0,HCA,70.48228,232.30321
0,HD,42.56148,71.69413
0,HES,-13.45939,111.7888
0,HIG,73.97497,102.35944
0,HII,20.75437,23.80456
0,HLT,60.25294,156.46715
0,HOLX,20.11545,65.0061
0,HON,22.70109,31.11164
0,HPE,31.38158,25.04696
0,HPQ,40.88099,114.47059
0,HRL,1.16279,-22.93307
0,HSIC,6.20086,13.81558
0,HST,12.72379,4.94048
0,HSY,-2.39429,20.24352
0,HUBB,62.88608,236.05592
0,HUM,-49.451,-9.25649
0,HWM,144.13318,293.19527
0,IBM,69.92961,82.99905
0,ICE,54.4332,78.22779
0,IDXX,5.99925,62.57172
0,IEX,8.53602,31.34806
0,IFF,60.70105,-12.09562
0,INCY,18.45735,-16.94872
0,INTC,-32.52585,-56.18646
0,INTU,21.80426,134.14569
0,INVH,10.1634,8.42715
0,IP,44.80099,17.23707
0,IPG,12.12766,52.01923
0,IQV,25.84508,61.5132
0,IR,68.65621,221.53648
0,IRM,108.95699,263.61226
0,ISRG,90.34447,176.62206
0,IT,55.1251,266.27146
0,ITW,16.14745,61.99762
0,IVZ,43.92971,11.57895
0,J,30.58588,84.64111
0,JBHT,2.83762,53.90882
0,JBL,0.1126942,237.87014
0,JCI,59.44215,82.04765
0,JKHY,29.25926,30.50871
0,JNJ,7.55664,27.19106
0,JNPR,57.29167,61.89691
0,JPM,58.15603,80.49373
0,K,64.41159,38.39727
0,KDP,30.35651,34.33976
0,KEY,72.62626,-5.73635
0,KEYS,29.45616,53.26794
0,KHC,14.04242,27.61597
0,KIM,45.99515,13.33019
0,KKR,154.51747,405.82944
0,KLAC,45.62651,310.7378
0,KMB,18.38929,3.60658
0,KMI,45.70082,22.71825
0,KMX,16.25727,-25.07811
0,KO,28.42086,28.06565
0,KR,30.0554,133.67897
0,KVUE,16.46341,-14.79554
0,L,30.08665,57.53984
0,LDOS,84.67566,109.89609
0,LEN,71.53846,196.0177
0,LH,8.18471,48.33056
0,LHX,40.30079,24.28629
0,LIN,32.27157,147.91506
0,LKQ,-18.74608,22.8436
0,LLY,57.13691,739.70902
0,LMT,37.75551,64.31226
0,LNT,26.51546,15.44685
0,LOW,46.95828,147.28897
0,LRCX,21.48099,205.40881
0,LULU,-26.01998,45.04092
0,LUV,25.31906,-42.8142
0,LVS,10.16146,-11.73021
0,LW,-11.31123,0.63785473
0,LYB,-0.46583851,1.98886
0,LYV,45.85131,69.7829
0,MA,34.23254,87.75428
0,MAA,19.81628,11.50811
0,MAR,40.46332,115.42276
0,MAS,69.12415,90.82049
0,MCD,23.60746,50.0548
0,MCHP,1.06197,53.77378
0,MCK,12.96,244.97455
0,MCO,57.56674,122.06211
0,MDLZ,10.06407,31.47284
0,MDT,25.74941,-14.62202
0,MET,45.05044,82.2948
0,META,83.16614,203.09865
0,MGM,10.48035,44.57143
0,MHK,103.3161,28.10837
0,MKC,28.30375,-3.85515
0,MKTX,22.01964,-18.76061
0,MLM,39.93942,115.00689
0,MMC,19.11812,122.63886
0,MMM,88.40296,-2.81101
0,MNST,6.89861,91.01243
0,MO,16.44909,7.68218
0,MOH,-16.84076,135.98189
0,MOS,-22.74347,33.6415
0,MPC,4.99164,142.63182
0,MPWR,113.61097,507.46905
0,MRK,2.89308,31.95186
0,MRNA,-31.58698,247.09677
0,MRO,-5.7508,130.26886
0,MS,64.96513,162.96132
0,MSCI,23.8356,166.99536
0,MSFT,27.16507,202.52113
0,MSI,70.74044,171.06414
0,MTB,73.62805,25.70112
0,MTCH,7.19343,-48.12937
0,MTD,35.38071,99.30533
0,MU,63.09809,141.2207
0,NCLH,70.33046,-53.46418
0,NDAQ,49.13689,127.07824
0,NDSN,18.95483,68.79872
0,NEE,63.10171,44.38144
0,NEM,49.76587,51.65964
0,NFLX,89.77239,177.67308
0,NI,41.5316,24.52763
0,NKE,-20.74701,-15.31906
0,NOC,10.20599,51.16014
0,NOW,69.62947,281.21212
0,NRG,112.72146,114.25031
0,NSC,26.03352,33.28321
0,NTAP,71.03862,129.64999
0,NTRS,49.20536,-1.12545
0,NUE,11.11823,201.42885
0,NVDA,234.36482,2832.85714
0,NVR,75.3762,152.76623
0,NWS,27.59251,99.5
0,NWSA,24.78673,92.89377
0,NXPI,26.21333,109.26532
0,O,30.15711,-17.60527
0,ODFL,2.17717,230.30354
0,OKE,45.07042,39.1092
0,OMC,37.08653,37.45025
0,ON,-19.6986,244.66119
0,ORCL,67.62493,215.1823
0,ORLY,38.73354,202.8822
0,OTIS,37.19932,133.19337
0,OXY,-17.51035,26.94757
0,PANW,53.71897,434.77954
0,PARA,-7.86416,-71.63686
0,PAYC,-34.86513,-18.54584
0,PAYX,20.97231,66.61549
0,PCAR,34.72222,125.2106
0,PCG,29.28844,153.10945
0,PEG,52.41717,44.57271
0,PEP,9.32659,28.57038
0,PFE,-6.19326,-16.29051
0,PFG,32.91327,57.75119
0,PG,14.43807,42.37487
0,PGR,63.36982,258.2
0,PH,74.24156,248.56862
0,PHM,104.42114,277.74286
0,PKG,51.58434,101.9541
0,PLD,16.82373,29.96027
0,PLTR,163.58025,349.47368
0,PM,30.8403,45.42787
0,PNC,69.20973,27.56133
0,PNR,57.85588,152.20513
0,PNW,19.69344,-6.94755
0,PODD,60.87075,53.67819
0,POOL,11.47409,70.55302
0,PPG,4.14747,3.3205
0,PPL,38.21791,0.24502297
0,PRU,40.56868,38.17121
0,PSA,33.84826,36.12125
0,PSX,16.16099,21.36784
0,PTC,35.78986,179.50696
0,PWR,91.96229,683.52245
0,PYPL,50.7203,-20.5836
0,QCOM,55.54022,113.99088
0,QRVO,15.62394,29.77778
0,RCL,145.95226,78.37958
0,REG,23.15101,3.02158
0,REGN,21.74121,225.01091
0,RF,66.52572,47.04418
0,RJF,45.95054,145.14174
0,RL,75.37481,110.98787
0,RMD,63.71138,83.91817
0,ROK,1.15795,57.28936
0,ROL,50.25626,104.17862
0,ROP,16.52924,65.20784
0,ROST,28.73875,32.71761
0,RSG,41.33084,132.7366
0,RTX,72.15917,54.28922
0,RVTY,16.59171,41.79548
0,SBAC,26.01967,-0.96001302
0,SBUX,2.38854,13.00527
0,SCHW,43.66511,73.27628
0,SHW,59.96899,108.07216
0,SJM,7.06124,10.76937
0,SLB,-27.88919,26.31736
0,SMCI,87.52452,2326.39594
0,SNA,30.10976,104.562
0,SNPS,8.07362,269.90781
0,SO,41.72398,50.56016
0,SOLV,-8.625,-8.625
0,SPG,65.58312,13.73637
0,SPGI,49.39749,108.09403
0,SRE,24.64045,15.96122
0,STE,4.4699,59.63714
0,STLD,35.13924,366.28232
0,STT,40.37354,37.9052
0,STX,72.27586,102.61355
0,STZ,3.17002,22.93658
0,SW,-9.40767,-9.40767
0,SWK,35.3137,-29.92042
0,SWKS,7.01968,7.6983
0,SYF,95.00349,59.18426
0,SYK,39.3368,70.75836
0,SYY,14.93846,-5.97785
0,T,44.88294,-24.94802
0,TAP,-3.29747,-2.51924
0,TDG,67.79915,165.71762
0,TDY,16.07064,38.82832
0,TECH,10.96042,38.36775
0,TEL,27.29858,57.54506
0,TER,38.50638,109.67366
0,TFC,56.97373,-20.6174
0,TFX,25.96974,-28.44214
0,TGT,40.48594,32.74982
0,TJX,30.94079,93.05625
0,TMO,28.92098,109.97743
0,TMUS,61.73225,171.37288
0,TPR,59.53405,69.62652
0,TRGP,87.16435,310.63992
0,TRMB,25.53191,53.18881
0,TROW,19.41971,2.76726
0,TRV,63.13839,83.00331
0,TSCO,48.66024,218.69321
0,TSLA,3.19219,1194.97041
0,TSN,31.01616,-26.9112
0,TT,113.30495,337.98492
0,TTWO,10.34677,27.4411
0,TXN,33.79579,49.52265
0,TXT,19.23436,89.34548
0,TYL,59.97873,122.86919
0,UAL,109.15772,-18.48425
0,UBER,86.94238,156.16046
0,UDR,28.26596,-12.73416
0,UHS,86.92591,60.76246
0,ULTA,-1.03999,56.90608
0,UNH,9.56727,134.28583
0,UNP,15.68637,43.86185
0,UPS,-11.35934,10.8083
0,URI,103.61231,542.03748
0,USB,53.29495,-14.71792
0,V,23.89323,62.58573
0,VICI,19.46481,38.73989
0,VLO,3.64874,45.37067
0,VLTO,57.26008,40.28536
0,VMC,28.36543,77.27614
0,VRSK,16.12163,74.68561
0,VRSN,-9.32565,-0.14404609
0,VRTX,30.0359,160.49692
0,VST,308.8429,381.9963
0,VTR,56.05695,-11.03315
0,VTRS,29.70852,-36.25344
0,VZ,39.21631,-28.06584
0,WAB,92.39417,174.24571
0,WAT,35.14042,58.96752
0,WBA,-52.41348,-80.8573
0,WBD,-25.54241,-72.73384
0,WDC,60.87061,14.77816
0,WEC,23.46951,6.60448
0,WELL,56.71768,41.04761
0,WFC,62.15805,26.87277
0,WM,35.81688,80.62591
0,WMB,49.25373,125.69444
0,WMT,50.56829,102.48058
0,WRB,45.55211,93.6231
0,WST,-22.4801,105.06139
0,WTW,42.7308,52.85451
0,WY,11.96255,12.39123
0,WYNN,9.49466,-15.82955
0,XEL,9.26787,-1.33769
0,XOM,9.7122,74.68723
0,XYL,47.8193,63.58474
0,YUM,12.8326,19.31262
0,ZBH,0.03803728,-21.1926
0,ZBRA,81.49447,81.0623
0,ZTS,13.78378,49.82206
0,ARM,203.42561,150.78189
0,ASML,21.48897,174.20036
0,AZN,22.82316,77.12717
0,CCEP,33.9875,31.72272
0,DASH,104.37107,-19.32352
0,DDOG,46.83707,319.22692
0,GFS,-25.83874,-13.77155
0,ILMN,25.06244,-52.3886
0,MDB,-20.60009,129.38049
0,MELI,77.99564,285.15897
0,MRVL,66.93186,240.67444
0,PDD,19.83876,267.23529
0,TEAM,3.69434,65.80396
0,TTD,60.52417,488.69522
0,WDAY,16.30404,58.18677
0,ZS,15.68193,345.71971
0,AAOI,158.159,70.75646
0,AAT,56.54152,-42.29398
0,ABCB,74.57343,49.12784
0,ABG,15.46997,116.99377
0,ABM,35.35278,44.08174
0,ABOS,-18.429,-86.56716
0,ABR,10.34483,10.26393
0,ABSI,231.14754,-81.28763
0,ABUS,140.8284,362.5
0,ACA,36.52529,170.80081
0,ACAD,-33.75224,-65.86494
0,ACCD,-49.70238,514.54545
0,ACCO,2.62097,-48.68952
0,ACDC,-36.9164,-67.91828
0,ACEL,8.11339,7.48299
0,ACHR,-36.51452,-69.30792
0,ACHV,29.01554,-83.28859
0,ACIC,42.81806,-18.81804
0,ACIW,136.46889,56.98959
0,ACLS,-36.81081,399.18078
0,ACLX,178.81408,437.38095
0,ACMR,5.85959,337.21461
0,ACNB,28.0,24.27184
0,ACRE,-27.37307,-57.21717
0,ACRV,48.52399,-51.6226
0,ACT,33.30866,75.79307
0,ACTG,35.69405,77.40741
0,ACVA,33.07087,-40.512
0,ADCT,343.55985,-89.47723
0,ADEA,43.42723,124.63235
0,ADMA,407.14286,227.46331
0,ADNT,-36.44366,-6.19316
0,ADPT,8.85167,-82.75208
0,ADTN,-8.74636,-33.47503
0,ADUS,63.91288,55.0071
0,ADV,23.26531,-70.96154
0,ADVM,-16.90141,-88.33333
0,AEHR,-49.8885,778.77095
0,AEIS,21.71333,103.46312
0,AEO,20.3271,30.54499
0,AESI,0.55696203,17.16814
0,AEVA,35.76389,-92.06091
0,AEYE,498.92473,798.3871
0,AFCG,35.5615,-35.57814
0,AFRI,-4.08922,1.17647
0,AGEN,-74.28571,-91.21094
0,AGIO,117.84351,36.62478
0,AGL,-85.09284,-90.93548
0,AGM,27.98604,112.4942
0,AGS,58.74317,4.68468
0,AGX,193.86364,228.33926
0,AGYS,83.78717,344.00756
0,AHCO,44.85981,6.47694
0,AHH,10.99899,-40.08715
0,AHR,86.00605,86.00605
0,AI,4.07332,-72.37539
0,AILE,-84.70806,-84.70806
0,AIN,-9.90803,-14.95543
0,AIOT,16.14256,16.14256
0,AIP,27.25664,-60.49451
0,AIR,9.31082,56.01093
0,AIRS,-18.19484,-64.06545
0,AISP,-80.85106,-78.87755
0,AIT,49.70707,310.67857
0,AIV,36.52313,-84.37956
0,AKA,216.09871,-77.56089
0,AKBA,63.15351,-66.98795
0,AKR,77.86765,-17.69309
0,AKRO,155.7947,46.93295
0,AKYA,-15.21127,-84.95
0,ALCO,9.38689,-22.45204
0,ALDX,271.14094,-5.30822
0,ALE,22.80534,-26.11092
0,ALEC,-10.48544,-69.28714
0,ALEX,16.85897,-27.51491
0,ALG,5.46726,41.862
0,ALGT,-11.8743,-58.56162
0,ALHC,46.76966,-39.63027
0,ALIT,5.30191,-31.25
0,ALKS,13.42612,50.51602
0,ALKT,111.92457,-11.13953
0,ALLO,0.71942446,-89.97494
0,ALMS,-5.41353,-5.41353
0,ALNT,-33.47969,-51.23391
0,ALRM,-2.02703,9.60163
0,ALRS,31.17978,9.52158
0,ALT,222.42991,248.48485
0,ALTG,-41.7734,-40.06085
0,ALTI,-37.55943,-59.54825
0,ALTM,-12.10191,88.3959
0,ALTR,57.27032,175.4848
0,ALX,28.63483,-36.38132
0,ALXO,-78.37058,-95.0
0,AMAL,115.0,95.67972
0,AMBA,18.28135,5.82147
0,AMBC,3.70697,-41.80287
0,AMBP,62.25681,-58.3
0,AMC,-53.16594,-95.34707
0,AMCX,-34.52991,-83.9008
0,AMN,-45.89313,-31.92916
0,AMPH,13.64043,154.22711
0,AMPL,-12.68293,-83.66788
0,AMPS,-29.21569,-65.58627
0,AMPX,-50.32258,-84.6
0,AMPY,-8.65922,-2.38806
0,AMR,-5.38458,795.74468
0,AMRC,7.70848,108.54817
0,AMRK,44.4406,647.31183
0,AMRX,152.08333,186.14865
0,AMSC,309.09091,179.92958
0,AMSF,-2.44648,-22.05254
0,AMTB,19.08353,6.53866
0,AMTX,-34.92408,200.0
0,AMWD,45.3471,0.0411904
0,ANAB,101.42369,-3.67647
0,ANDE,-3.01168,164.46927
0,ANF,166.61664,890.03096
0,ANGO,-1.35747,-55.57065
0,ANIK,31.39785,-57.10023
0,ANIP,4.25607,-21.87665
0,ANNX,345.2381,-57.88288
0,ANRO,-30.96618,-30.96618
0,AOMR,19.60543,-47.98928
0,AORT,99.55056,11.0
0,AOSL,43.90244,185.33541
0,APAM,38.02432,70.90704
0,APEI,214.22222,-35.52212
0,APGE,238.14236,149.50542
0,APLD,79.95868,13099.56961
0,APLE,-3.22789,-9.15152
0,APLT,259.6,-40.06667
0,APOG,86.69048,108.03927
0,APPN,-23.75215,-26.06104
0,APPS,-34.77366,-53.10651
0,AQST,251.06383,55.66038
0,ARAY,-31.22677,-31.98529
0,ARCB,8.20055,233.63904
0,ARCH,-3.40948,80.53972
0,ARCT,8.01862,110.90909
0,ARDT,16.18929,16.18929
0,ARDX,69.9422,19.7556
0,ARHS,4.50867,-29.375
0,ARI,-7.15048,-54.4741
0,ARIS,95.90361,13.70629
0,ARKO,-10.05291,-30.96447
0,ARL,10.01553,-1.52884
0,ARLO,28.52311,235.29412
0,AROC,63.80417,109.97942
0,AROW,57.85634,-6.2958
0,ARQ,244.97041,-58.29757
0,ARQT,244.09938,-61.88073
0,ARR,31.72823,-76.46435
0,ARRY,-63.02798,-81.50892
0,ARTV,-12.66667,-12.66667
0,ARVN,77.04467,61.70747
0,ARWR,-17.01094,-43.86301
0,ASAN,-34.20054,-57.84722
0,ASB,41.50096,6.67311
0,ASC,26.52905,94.47709
0,ASGN,18.41302,51.39002
0,ASIX,7.32869,28.01573
0,ASLE,-64.05934,-46.7
0,ASO,24.97144,321.09315
0,ASPI,352.33645,81.27341
0,ASPN,219.7901,257.88591
0,ASTE,-23.32687,1.11928
0,ASTH,94.34206,302.3427
0,ASTS,908.75912,182.90686
0,ASUR,15.13707,15.0
0,ATEC,-58.41738,-2.36794
0,ATEN,29.29653,115.75037
0,ATEX,7.77888,-18.35507
0,ATGE,69.59092,97.84828
0,ATKR,-29.96709,159.95232
0,ATLC,26.93103,355.00618
0,ATLO,13.75905,-38.28571
0,ATMU,99.03846,81.66282
0,ATNI,-4.63517,-44.05263
0,ATNM,-67.03704,-71.91986
0,ATOS,119.69697,-16.18497
0,ATRC,-19.42405,7.86092
0,ATRO,21.8123,-35.12582
0,ATSG,-17.34694,-21.09109
0,ATXS,140.08529,-60.49123
0,AUB,30.5806,-3.67119
0,AUPH,-0.96685083,47.22793
0,AUR,235.55556,-39.5994
0,AURA,37.05882,-21.28378
0,AVA,21.96141,-21.1926
0,AVAH,320.0,-56.25
0,AVAV,87.82794,280.38641
0,AVBP,43.55,43.55
0,AVD,-43.16997,-59.41921
0,AVDL,27.68792,288.98551
0,AVDX,-3.56745,-65.31676
0,AVIR,23.7931,-88.16744
0,AVNS,26.14451,-44.95788
0,AVNT,54.07874,54.2731
0,AVNW,-10.97372,231.98847
0,AVO,26.78002,-13.55072
0,AVPT,63.1935,23.31288
0,AVTE,-78.78513,-89.75033
0,AVXL,8.13492,96.04317
0,AWR,10.52838,-10.33023
0,AX,76.07694,116.92256
0,AXGN,238.04627,3.29929
0,AXL,-11.77305,-27.25146
0,AXNX,33.08086,237.72225
0,AXSM,47.55685,315.53134
0,AZZ,72.97839,96.83143
0,B,47.09229,-13.49442
0,BAER,-11.33005,-62.8483
0,BALY,102.20674,-26.34347
0,BANC,31.32209,-1.46471
0,BAND,99.89463,-67.57819
0,BANF,32.83455,84.41142
0,BANR,58.59701,16.29496
0,BARK,46.07843,-87.98387
0,BASE,14.44816,-43.71711
0,BATRA,14.78703,52.00426
0,BATRK,17.19801,42.85205
0,BBAI,31.06061,-82.40081
0,BBCP,-24.90119,61.01695
0,BBIO,3.79538,35.05099
0,BBSI,66.95298,65.161
0,BBUC,56.32399,-10.39286
0,BBW,46.66403,989.44282
0,BCAL,2.89017,23.82609
0,BCBP,24.61696,-6.15385
0,BCC,51.33889,290.09901
0,BCML,22.579,6.98399
0,BCO,57.02894,23.19277
0,BCPC,37.6487,66.03662
0,BCRX,30.55556,213.33333
0,BDC,68.73747,118.41764
0,BDN,65.80311,-56.46259
0,BDTX,57.35294,-91.8693
0,BE,-12.26667,235.71429
0,BEAM,21.20419,23.46667
0,BECN,32.68038,181.71753
0,BELFB,104.57884,504.99638
0,BFC,22.44299,31.64158
0,BFH,74.7817,-49.71865
0,BFS,17.372,-28.13916
0,BFST,38.22076,1.77922
0,BGC,58.2906,61.60558
0,BGS,1.09091,-48.39109
0,BH,13.19684,97.36098
0,BHB,25.89173,16.73152
0,BHE,85.68943,38.11064
0,BHLB,43.6019,-12.08897
0,BHR,14.07407,-66.73866
0,BHRB,35.13213,7.69912
0,BHVN,91.21043,13.91169
0,BIGC,-38.58521,-92.0714
0,BIPC,46.77529,99.35454
0,BJRI,48.72864,0.79096045
0,BKD,69.27224,-25.85596
0,BKE,26.23662,105.07519
0,BKH,25.87209,-22.80657
0,BKSY,-37.40234,-91.82398
0,BKU,63.85261,3.17181
0,BL,9.34866,20.04206
0,BLBD,142.74767,128.60825
0,BLDE,72.09302,-62.05128
0,BLFS,135.7582,36.23446
0,BLFY,31.35705,-22.71318
0,BLKB,26.45285,-1.63653
0,BLMN,-28.88024,-10.40305
0,BLND,175.20661,-84.06699
0,BLNK,-12.80992,-10.97046
0,BLUE,-82.75,-99.16152
0,BLX,50.57366,65.62342
0,BLZE,45.70312,-62.51256
0,BMBL,-46.26755,-89.66008
0,BMEA,6.64137,-33.88235
0,BMI,50.53462,250.63552
0,BMRC,25.24956,-49.96481
0,BNL,31.00499,12.76074
0,BOC,1.51307,-25.8664
0,BOH,35.68439,-25.41417
0,BOLD,30299900.0,-88.8521
0,BOOM,-33.38485,-68.06619
0,BOOT,123.63952,348.41823
0,BORR,-24.66568,-61.59091
0,BOW,28.40336,28.40336
0,BOX,32.80534,99.87453
0,BPMC,93.90713,8.80783
0,BPRN,24.03714,27.00704
0,BRCC,29.45736,-66.02238
0,BRKL,20.83818,-32.11249
0,BRSP,-2.91971,-62.77117
0,BRT,2.4024,1.73031
0,BRY,-37.25962,-45.51148
0,BRZE,-27.42844,-66.88082
0,BSIG,59.82906,169.61895
0,BSRR,49.11243,3.82022
0,BSVN,92.81492,134.25414
0,BTBT,88.58447,776.85775
0,BTMD,3.4,-48.55721
0,BTSG,46.27273,46.27273
0,BTU,-1.07871,62.04188
0,BUR,10.00807,27.86116
0,BUSE,30.62731,-2.5177
0,BV,132.72472,-7.89327
0,BVS,304.44444,-33.68037
0,BWB,60.04343,19.8374
0,BWFG,17.36024,-0.46345811
0,BWIN,77.58563,77.58563
0,BWMN,-19.22058,52.5
0,BXC,47.1,202.85294
0,BXMT,-5.47112,-48.70808
0,BY,37.58639,42.90447
0,BYND,0.0,-94.28857
0,BYON,-32.00523,-6.30063
0,BYRN,290.82126,1055.71429
0,BZH,39.52174,95.79012
0,CABA,-62.99632,-54.8
0,CABO,-43.66279,-73.67236
0,CAC,49.41046,-7.73606
0,CADE,64.85526,9.36658
0,CADL,556.17978,-16.57143
0,CAKE,39.59224,7.5228
0,CAL,19.02383,39.5045
0,CALM,104.80791,129.218
0,CALX,-9.27666,441.79523
0,CAPR,656.25,688.12261
0,CARE,65.47945,-8.06697
0,CARG,77.16844,2.03029
0,CARS,-3.33745,50.09597
0,CASH,66.99541,103.77834
0,CASS,8.46175,-23.43511
0,CATX,350.35461,298.11912
0,CATY,33.8637,24.27536
0,CBAN,58.72518,-3.55556
0,CBL,32.52595,-10.63333
0,CBNK,26.22866,80.33999
0,CBRL,-26.4572,-68.70744
0,CBT,69.35774,156.67501
0,CBU,48.12484,-10.09777
0,CBUS,-77.80458,-98.5653
0,CBZ,30.8763,166.1882
0,CCB,48.7645,268.75
0,CCBG,17.05321,24.75463
0,CCCC,305.84416,-75.48058
0,CCNE,35.51508,-20.87072
0,CCO,38.39286,-33.76068
0,CCOI,33.13376,46.49792
0,CCRN,-46.24329,14.25856
0,CCS,61.82245,194.62267
0,CCSI,-3.63888,-41.28544
0,CDE,178.37838,48.35391
0,CDLX,-65.12821,-89.24901
0,CDMO,41.40845,87.66355
0,CDNA,350.47985,-12.29447
0,CDP,37.73748,6.83188
0,CDRE,37.40129,150.35971
0,CDT,-93.48466,-98.93159
0,CDXC,168.21705,-4.94505
0,CDXS,95.83333,-75.7732
0,CDZI,14.02214,-73.83573
0,CECO,73.56173,81.91057
0,CEIX,3.77812,644.48276
0,CELC,61.13886,-1.94529
0,CENT,-1.57205,48.22446
0,CENTA,-8.64508,32.0309
0,CENX,183.02207,173.27869
0,CERS,31.25,-62.58352
0,CEVA,35.99089,-14.50054
0,CFB,54.94186,27.10652
0,CFFN,38.85057,-58.17175
0,CGEM,92.62782,-45.83751
0,CGON,-1.23756,-1.23756
0,CHCO,30.28765,46.03616
0,CHCT,-37.23443,-62.58051
0,CHEF,113.56467,8.11818
0,CHGG,-81.73077,-95.35594
0,CHMG,18.09762,9.21296
0,CHPT,-52.85714,-86.46154
0,CHRS,-72.50235,-95.43379
0,CHX,-11.85841,16.49123
0,CIFR,101.49813,-45.65657
0,CIM,11.11111,-74.27073
0,CIO,57.67045,-59.37042
0,CIVB,17.97082,-18.84124
0,CIX,59.58034,87.78428
0,CLAR,-21.2844,-64.69136
0,CLB,-18.85889,-55.70613
0,CLBK,7.20663,2.56254
0,CLDT,-12.78826,-52.51142
0,CLDX,17.96875,1115.67797
0,CLFD,48.24663,212.51015
0,CLMB,145.81337,647.67523
0,CLNE,-24.53333,27.47748
0,CLPR,31.17155,-33.58051
0,CLSK,198.23737,148.82353
0,CLW,-19.02299,53.98907
0,CMC,37.57803,198.3216
0,CMCL,54.73978,138.19742
0,CMCO,6.54649,-9.72669
0,CMP,-48.3896,-76.4435
0,CMPO,156.40599,56.12969
0,CMPR,30.59019,-39.72992
0,CMPX,0.0,-78.23529
0,CMRE,53.6612,105.25547
0,CMT,-39.3181,186.4726
0,CMTG,-38.36538,-62.29412
0,CNDT,21.47436,-35.10274
0,CNK,83.90212,-21.12676
0,CNMD,-32.23649,-34.67049
0,CNNE,11.80596,-32.64085
0,CNO,55.60954,124.82451
0,CNOB,52.43243,12.6498
0,CNS,102.56955,64.5222
0,CNSL,14.88834,31.90883
0,CNX,57.36912,394.74412
0,CNXN,38.78487,78.74016
0,COCO,20.14475,121.00592
0,CODI,20.64298,10.25773
0,COFS,83.50148,5.7094
0,COGT,33.10887,110.28369
0,COHU,-21.09057,64.89849
0,COLL,71.49577,207.16091
0,COMM,163.39286,-54.82389
0,COMP,169.85646,-72.00993
0,CON,-6.00534,-6.00534
0,COOK,13.04348,-85.81818
0,COOP,74.46849,678.89831
0,CORT,80.22018,253.56371
0,CORZ,272.96512,272.96512
0,COUR,-57.46227,-83.08889
0,CPF,81.55712,-2.43484
0,CPK,35.15362,28.86774
0,CPRX,67.75738,285.68807
0,CPS,21.09929,-59.05276
0,CPSS,9.12201,194.46154
0,CRAI,97.16865,360.57992
0,CRBP,205.18135,-88.71648
0,CRBU,-48.29396,-87.92892
0,CRC,-5.74046,538.91001
0,CRCT,-20.52821,-62.80899
0,CRD-A,25.73034,4.09302
0,CRDF,183.20213,163.80952
0,CRDO,174.43299,242.74678
0,CRGX,44.25327,44.25327
0,CRGY,2.67112,-26.87277
0,CRK,-5.26756,60.70922
0,CRMD,255.55556,78.62839
0,CRML,-39.51613,-39.51613
0,CRMT,-40.5814,-54.90347
0,CRNC,-81.8678,-81.05196
0,CRNX,107.71408,264.82287
0,CRS,161.52704,213.41897
0,CRSR,-48.37945,-54.17544
0,CRVL,56.64033,292.40102
0,CRVO,25.52381,-85.71274
0,CSGS,-2.72562,-5.78803
0,CSR,36.58537,-10.97545
0,CSTE,12.82051,-74.98579
0,CSTL,148.98438,68.53517
0,CSTM,-12.22843,-2.0097
0,CSV,43.9659,48.01661
0,CSWI,126.17032,480.70668
0,CTBI,40.88033,17.96821
0,CTGO,34.08578,62.73973
0,CTKB,11.25541,-72.60128
0,CTLP,45.28302,36.68639
0,CTNM,4.35065,4.35065
0,CTO,23.87015,-13.00849
0,CTOS,-41.84397,-39.14657
0,CTRE,42.30769,25.8399
0,CTRI,-20.10376,-20.10376
0,CTRN,-17.76371,7.97784
0,CTS,21.80083,40.08902
0,CTV,83.84569,-92.85435
0,CUBI,39.90087,109.46197
0,CURV,76.54867,-83.47826
0,CVBF,21.5534,-11.58192
0,CVCO,67.42647,113.13756
0,CVGI,-56.19597,-60.26144
0,CVGW,9.46108,-69.98687
0,CVI,-24.94584,-32.60145
0,CVLG,21.8706,221.9195
0,CVLT,111.21922,203.03162
0,CVRX,-19.52941,-63.35714
0,CWAN,41.4966,6.58258
0,CWBC,47.08661,89.06883
0,CWCO,-11.31159,57.09896
0,CWH,21.65714,137.08241
0,CWK,96.23494,-30.02148
0,CWST,37.15415,142.09302
0,CWT,13.97735,-2.80663
0,CXM,-44.87472,-58.75
0,CXW,16.72355,-11.85567
0,CYH,128.1746,34.34579
0,CYRX,-28.35968,-49.65278
0,CYTK,68.78921,373.67958
0,CZFS,30.31271,1.09793
0,CZNC,11.01347,-27.6165
0,DAKT,51.33929,87.29282
0,DAN,-16.10845,-32.73657
0,DAVE,765.21739,-86.03954
0,DAWN,49.8996,-36.46809
0,DBD,146.55647,117.54983
0,DBI,-45.56377,-64.73054
0,DBRG,6.69317,-29.75567
0,DC,-12.5,-65.50725
0,DCGO,-43.0,-66.79612
0,DCO,36.67671,59.62795
0,DCOM,61.82825,-2.40561
0,DDD,-27.25061,-64.0625
0,DEA,34.12774,-36.30602
0,DEC,-34.40678,-57.62774
0,DEI,67.26457,-56.31295
0,DENN,-23.0591,-69.79072
0,DESP,130.89172,43.70664
0,DFH,78.30437,61.62291
0,DFIN,24.8937,477.47989
0,DGICA,4.06272,0.68965517
0,DGII,20.84318,114.47552
0,DH,-29.43038,-89.69739
0,DHC,104.65116,-63.33333
0,DHIL,1.79083,16.10339
0,DHT,5.77105,55.27778
0,DIBS,19.7861,-84.2807
0,DIN,-37.37535,-57.5733
0,DIOD,-11.46196,49.69426
0,DJCO,62.45233,75.93116
0,DK,-36.32236,-55.65217
0,DLHC,-35.26276,100.4717
0,DLX,8.64339,-60.80132
0,DMRC,20.6015,-18.12149
0,DNLI,41.06952,73.89585
0,DNOW,8.42946,16.1597
0,DNTH,133.96538,-82.59323
0,DNUT,-9.54259,-45.38095
0,DOCN,98.78957,0.47058824
0,DOLE,42.61106,8.48276
0,DOMO,-5.46318,-50.8642
0,DORM,58.62633,39.70235
0,DRH,15.31532,-11.46245
0,DRS,51.15546,425.18248
0,DRVN,27.88204,-46.38441
0,DSGN,162.9108,-86.50277
0,DSGR,37.02814,84.77557
0,DSP,123.77358,-75.14669
0,DTC,-67.25441,-92.61783
0,DTI,-11.68831,-65.48223
0,DVAX,-20.4924,157.14286
0,DX,21.84466,-18.82277
0,DXLG,-32.3741,113.63636
0,DXPE,55.62442,50.81081
0,DY,137.13317,296.13281
0,DYN,402.7027,40.08368
0,EAF,-45.34161,-84.80138
0,EAT,187.98402,127.72783
0,EB,-66.47332,-83.57021
0,EBC,44.81547,35.63786
0,EBF,-0.38517092,4.81256
0,EBTC,24.95088,5.82363
0,ECPG,6.837,30.29429
0,ECVT,-29.30845,-59.75
0,EDIT,-39.84,-81.62268
0,EE,48.63636,-14.7486
0,EEX,-17.34104,-55.7732
0,EFC,4.71854,-31.02508
0,EFSC,44.4102,23.30144
0,EGAN,-18.94563,-34.4
0,EGBN,27.47797,-48.71511
0,EGHT,-12.55411,-89.15145
0,EGY,33.18284,182.29665
0,EHAB,-8.88325,-71.28
0,EIG,26.00363,12.85085
0,ELEV,-4.42593,-94.88462
0,ELME,24.30044,-42.44801
0,ELVN,125.54687,-51.88333
0,EMBC,-9.54223,-70.14894
0,EML,96.0597,11.51104
0,ENFN,3.65297,-54.16456
0,ENR,3.50318,-21.45964
0,ENS,13.50153,50.83824
0,ENSG,54.42191,249.88157
0,ENTA,41.22905,-79.26849
0,ENV,64.09519,3.75331
0,ENVA,88.51455,308.77609
0,ENVX,18.75648,-8.68526
0,EOLS,110.63554,0.06161429
0,EP,-39.14081,540.70352
0,EPAC,56.32956,92.21739
0,EPC,2.25891,7.35786
0,EPM,-18.125,-3.32103
0,EPRT,65.39776,36.98464
0,EQBK,79.48283,54.97804
0,EQC,9.01594,-37.83699
0,ERAS,22.42152,-84.33735
0,ERII,4.76454,91.78499
0,ESCA,-15.03474,17.05831
0,ESE,29.87039,52.57163
0,ESGR,36.80329,65.56889
0,ESNT,33.04904,21.37716
0,ESPR,158.98919,-94.8137
0,ESQ,43.28693,176.39671
0,ESRT,47.88918,-21.55353
0,ESSA,28.47365,14.80122
0,ETD,5.50459,55.16347
0,ETNB,22.07207,-60.91346
0,ETWO,6.29371,-69.29293
0,EU,38.70968,1333.33333
0,EVC,-38.71866,-16.66667
0,EVCM,6.20621,-39.71591
0,EVER,163.38419,4.51293
0,EVEX,-53.21477,-66.4548
0,EVGO,248.7069,-17.5449
0,EVH,-11.04718,207.55968
0,EVI,-22.18623,-44.28986
0,EVLV,9.13706,-55.80678
0,EVRI,24.16045,43.27234
0,EVTC,-5.1422,4.32859
0,EWCZ,-53.48989,-66.66667
0,EWTX,417.83061,16.16667
0,EXLS,56.31868,203.12024
0,EXPI,-6.74982,196.96262
0,EXPO,29.62309,70.27696
0,EXTR,-28.96882,99.05914
0,EYE,-37.65823,-57.4514
0,EYPT,58.40118,-60.07463
0,FA,47.50186,0.40609137
0,FARO,39.98488,-60.57897
0,FATE,75.0,-78.32072
0,FBIZ,47.18262,69.77291
0,FBK,62.49576,25.70829
0,FBLG,-89.50172,-89.50172
0,FBMS,24.10714,-0.86821705
0,FBNC,55.44444,12.73167
0,FBP,53.0038,96.29268
0,FBRT,5.86292,-25.02924
0,FC,5.93154,11.37363
0,FCBC,41.75788,31.02391
0,FCEL,-70.52727,4.58065
0,FCF,38.80597,23.45133
0,FCFS,9.32195,17.31073
0,FCPT,40.47161,2.96296
0,FDBC,11.52744,-22.97153
0,FDMT,-14.2,-78.81481
0,FDP,15.78106,0.45060659
0,FELE,23.26245,110.83113
0,FENC,-31.47059,2.19298
0,FET,-36.49603,-43.78906
0,FF,-9.18836,-51.98381
0,FFBC,32.55937,6.84815
0,FFIC,24.76675,-32.46097
0,FFIN,57.33107,4.99149
0,FFNW,105.44465,58.32168
0,FFWM,53.44468,-52.17957
0,FG,42.00469,152.89552
0,FHTX,133.98058,-60.09934
0,FIBK,40.38634,-26.0355
0,FIGS,4.42623,-78.78081
0,FIHL,27.6259,37.51938
0,FIP,185.48387,195.0
0,FISI,59.97459,-18.14044
0,FIZZ,4.51657,92.43627
0,FL,15.79717,-47.42085
0,FLGT,-23.59684,68.52659
0,FLIC,26.58228,-44.18205
0,FLL,28.20513,114.59227
0,FLNC,15.04868,-40.91429
0,FLNG,-16.43472,125.5814
0,FLR,58.55166,175.92213
0,FLWS,13.67989,-40.30172
0,FLXS,114.60957,177.16331
0,FLYW,-39.22261,-50.99715
0,FMAO,56.15735,5.79374
0,FMBH,46.59048,10.44776
0,FMNB,36.70065,-1.33779
0,FN,52.51013,360.44099
0,FNA,-41.49286,-71.51256
0,FNKO,57.75194,-32.54144
0,FNLC,14.49847,-7.50177
0,FOLD,10.99815,45.04831
0,FOR,36.19658,72.36344
0,FORM,36.29904,112.21741
0,FORR,-40.3238,-54.8433
0,FOXF,-53.60603,-38.7107
0,FPI,7.33591,61.15942
0,FRBA,34.57014,38.19703
0,FREY,-69.05444,-89.00204
0,FRGE,-45.45455,-87.1969
0,FRME,39.89521,-2.27451
0,FRPH,9.59464,21.32565
0,FRSH,-38.32695,-76.2776
0,FRST,55.30799,-23.84319
0,FSBC,60.6093,76.24633
0,FSBW,47.32666,59.96255
0,FSLY,-48.03371,-66.47032
0,FSP,4.81928,-80.24972
0,FSS,53.75328,163.16262
0,FSTR,5.56745,-2.95276
0,FTAI,334.2892,952.18034
0,FTDR,70.54703,1.90334
0,FUBO,-32.06751,-86.18026
0,FUL,15.84741,59.86267
0,FULC,-0.56657224,-21.30045
0,FULT,42.83388,5.15588
0,FVCB,13.5426,-9.41614
0,FWRD,-46.87332,-38.1744
0,FWRG,-0.22975302,-21.50926
0,GABC,52.24741,21.15561
0,GALT,31.5,-33.41772
0,GAMB,-26.81648,22.125
0,GATX,24.16374,71.88771
0,GBCI,56.47421,8.81445
0,GBIO,143.26672,-90.9275
0,GBTG,50.78125,-20.0
0,GBX,25.97466,67.85714
0,GCBC,24.14242,104.21429
0,GCI,115.70248,-41.61074
0,GCMG,51.42119,15.58185
0,GCO,8.65562,-26.50722
0,GCT,212.89157,65.51944
0,GCTS,-81.83042,-81.83042
0,GDEN,-6.31383,121.75824
0,GDOT,-4.97925,-53.24622
0,GDYN,46.19003,52.80236
0,GEF,2.69015,62.64266
0,GENC,43.84835,73.06368
0,GEO,76.57343,-5.3125
0,GEOS,-9.7992,-26.74494
0,GERN,123.16384,166.89189
0,GETY,-10.44084,-61.78218
0,GFF,70.83333,240.07258
0,GH,-19.78445,-69.20804
0,GHC,37.80798,21.84769
0,GHM,93.01607,51.67557
0,GIC,4.78234,43.85522
0,GIII,29.85743,21.21673
0,GKOS,93.17386,109.55696
0,GLDD,55.58408,11.19266
0,GLNG,59.5654,158.27586
0,GLRE,24.83901,29.98084
0,GLSI,72.32947,167.8
0,GLUE,105.66038,-74.26818
0,GMGI,-15.80882,154.44444
0,GMRE,9.62441,-22.10175
0,GMS,62.49128,209.43522
0,GNE,-14.61741,116.02136
0,GNK,20.52593,64.67066
0,GNL,3.57143,-58.20896
0,GNTY,19.20117,18.50638
0,GNW,20.93426,62.55814
0,GOCO,-8.42191,-96.16307
0,GOEV,-85.16667,-99.58843
0,GOGL,44.22572,80.45977
0,GOGO,-38.62816,17.64706
0,GOLF,19.69052,122.03086
0,GOOD,37.26813,-30.15873
0,GPI,46.56776,269.86041
0,GPMT,-25.06203,-83.6933
0,GPOR,15.82182,98.88965
0,GPRE,-57.78764,2.4237
0,GPRO,-50.75188,-64.10959
0,GRBK,104.78764,642.85714
0,GRC,25.5966,8.22535
0,GRND,117.06485,19.21275
0,GRNT,-1.15512,-39.67774
0,GRPN,-11.32404,-82.68707
0,GRWG,-4.69484,-48.60759
0,GSAT,-11.81102,202.2942
0,GSBC,16.55187,-8.45902
0,GSHD,40.40198,95.85534
0,GT,-31.7053,-45.58047
0,GTLS,-15.22018,122.0809
0,GTN,-11.25198,-65.70729
0,GTY,21.50416,-2.54623
0,GUTS,-79.68872,-79.68872
0,GVA,139.86816,130.48747
0,GWRS,36.83652,6.09053
0,GYRE,100.70922,-82.59533
0,HAE,-15.59188,-41.16306
0,HAFC,34.3414,6.84126
0,HAIN,-17.99438,-60.10941
0,HALO,48.89272,237.4837
0,HASI,100.34904,17.58279
0,HAYN,45.34884,68.53933
0,HBB,145.3958,67.8453
0,HBCP,35.36223,18.10881
0,HBI,65.81986,-54.12141
0,HBIO,-43.57143,-18.83562
0,HBNC,53.59343,-15.52795
0,HBT,19.39967,35.60606
0,HCAT,13.75661,-69.60057
0,HCC,30.02977,177.15322
0,HCI,99.15735,177.2564
0,HCKT,15.58677,54.23216
0,HCSG,5.44904,-58.36653
0,HDSN,-35.855,1407.40741
0,HE,-18.65242,-78.21303
0,HEAR,105.10455,42.52137
0,HEES,27.12329,70.87379
0,HELE,-36.16585,-59.04738
0,HFFG,-10.88083,-81.39535
0,HFWA,29.45783,-22.5027
0,HG,22.53333,22.53333
0,HGV,3.4303,9.21472
0,HI,-26.79087,-7.79907
0,HIFS,68.46361,35.89118
0,HIMS,272.3748,134.01015
0,HIPO,160.98901,-93.3913
0,HL,73.64706,276.53061
0,HLF,-49.70588,-82.68354
0,HLIO,-5.08441,19.35325
0,HLIT,36.07955,118.05766
0,HLLY,-34.65116,-71.17949
0,HLMN,59.05045,9.27625
0,HLNE,121.39414,203.30173
0,HLVX,-82.84911,-90.41383
0,HLX,-1.28332,20.33694
0,HMN,18.37262,-19.60526
0,HMST,193.15895,-49.30411
0,HNI,58.77271,41.0426
0,HNRG,-29.87288,199.09639
0,HNST,216.10169,-76.6875
0,HOFT,-6.51542,-28.60951
0,HOMB,29.64775,38.74346
0,HONE,41.05603,27.83203
0,HOPE,51.13501,-12.87879
0,HOUS,4.12621,-47.81022
0,HOV,166.18391,601.40793
0,HOWL,60.11236,-82.29814
0,HP,-14.90244,-9.21155
0,HPK,-19.37716,36.25731
0,HPP,-2.65306,-85.97884
0,HQI,-7.70751,115.53846
0,HQY,21.9458,56.93078
0,HRI,57.69984,257.51745
0,HRMY,76.96203,-5.56606
0,HROW,299.0099,1019.44444
0,HRTG,91.16541,-27.51247
0,HRTX,200.86436,-90.4937
0,HSHP,43.94251,20.86207
0,HSII,59.56725,37.46345
0,HSTM,29.67183,7.96964
0,HTBI,67.46072,25.05678
0,HTBK,17.0581,-18.22107
0,HTH,11.63636,28.34448
0,HTLD,-21.8943,-48.66937
0,HTLF,103.91396,26.82018
0,HTZ,-72.11268,-88.99592
0,HUBG,13.94737,77.38632
0,HUMA,149.53271,-44.77766
0,HURN,10.38988,81.53743
0,HUT,45.30806,115.91549
0,HVT,-6.17375,21.84349
0,HWC,51.2615,27.94376
0,HWKN,122.35714,503.00242
0,HY,65.74627,34.25348
0,HYLN,309.79592,-74.54361
0,HZO,0.30140656,84.87654
0,IART,-47.51143,-68.4202
0,IAS,-10.10101,-48.10496
0,IAUX,-23.68421,-44.23077
0,IBCP,84.36628,53.08299
0,IBEX,16.94268,19.22078
0,IBOC,46.7345,53.90916
0,IBP,119.08025,272.18137
0,IBRX,148.25175,219.81982
0,IBTA,-31.84504,179.9125
0,IBTX,57.61644,7.47245
0,ICFI,39.6231,114.38014
0,ICHR,10.22907,6.20244
0,ICUI,69.12098,15.93987
0,IDCC,100.67253,192.14837
0,IDT,66.54598,526.703
0,IDYA,15.69876,423.38983
0,IE,-7.72769,-7.12963
0,IESC,271.90244,1008.13953
0,IGMS,252.13483,-17.65633
0,IGT,-31.85781,47.56718
0,IHRT,-28.27869,-88.08713
0,III,-25.48544,36.44444
0,IIIN,-3.68647,31.58924
0,IIIV,19.80198,16.52306
0,IIPR,83.97751,77.85326
0,ILPT,74.89362,-81.30118
0,IMAX,15.69282,-0.23992322
0,IMKTA,-18.51567,61.87087
0,IMMR,31.875,5.36829
0,IMNM,38.32753,-11.44981
0,IMVT,-13.10651,189.64497
0,IMXI,9.66361,23.06108
0,INBK,131.15803,59.30335
0,INBX,4.58839,-24.8667
0,INDB,34.50507,-23.43481
0,INDI,-33.90476,-64.66395
0,INFN,118.77023,19.85816
0,INFU,-26.47059,3.84615
0,INGN,105.41761,-81.62359
0,INMB,-26.31579,4.64646
0,INMD,-10.03512,30.02175
0,INN,12.65378,-47.28618
0,INNV,5.43478,-75.95041
0,INO,13.88889,-79.38218
0,INOD,191.39466,1354.81481
0,INSE,-8.8632,20.50955
0,INSM,190.28112,296.05479
0,INST,-7.29495,12.0591
0,INSW,10.0,100.97442
0,INTA,42.84478,76.82143
0,INVA,56.917,81.61025
0,INZY,79.59184,-69.89738
0,IONQ,16.77215,36.66667
0,IOSP,14.98398,19.8901
0,IOVA,187.53623,-50.69583
0,IPAR,-4.47594,65.44169
0,IPI,22.1173,-21.25
0,IPSC,4.7619,-93.25449
0,IRBT,-75.541,-84.58916
0,IRMD,34.5063,118.51536
0,IRON,20.39364,-50.70874
0,IRT,49.27091,29.06437
0,IRTC,-22.72275,-6.2783
0,IRWD,-53.44444,-52.81532
0,ISPR,-26.77966,-14.17219
0,ISTR,104.0,-17.125
0,ITGR,79.14214,70.9699
0,ITI,79.05237,39.96101
0,ITIC,69.40811,32.47245
0,ITOS,0.33076075,-52.23097
0,ITRI,81.57015,34.643
0,IVR,17.5,-94.58387
0,IVT,20.90045,134.16
0,IVVD,-34.19355,-95.11494
0,JACK,-28.91321,-46.41047
0,JAKK,51.32431,176.45161
0,JAMF,9.91464,-34.6492
0,JANX,660.39157,100.75547
0,JBGS,38.3915,-53.85783
0,JBI,8.28905,4.29887
0,JBLU,69.50673,-56.84932
0,JBSS,-2.39826,-1.04211
0,JBT,2.39992,-6.14734
0,JELD,31.55172,-12.75014
0,JILL,-14.49725,175.88889
0,JJSF,10.39512,-14.01425
0,JMSB,34.1853,22.16405
0,JOBY,-3.51494,-47.71429
0,JOE,18.94282,212.25702
0,JOUT,-31.8447,-43.24007
0,JRVR,-49.85549,-81.10022
0,JSPR,168.91892,-79.73523
0,JXN,146.29583,209.72973
0,JYNT,42.35006,-39.45862
0,KAI,48.06287,272.63424
0,KALU,11.42452,-27.94987
0,KALV,44.77086,7.69231
0,KAR,18.28114,-36.06299
0,KBH,87.68804,123.78587
0,KE,-27.52109,19.07591
0,KELYA,11.11735,-15.20994
0,KFRC,-5.95154,39.28757
0,KFS,42.53049,315.55556
0,KFY,52.27173,89.53235
0,KGS,81.33803,96.81529
0,KIDS,7.09419,-26.14704
0,KIND,41.14286,-75.3
0,KLG,64.59924,1.47059
0,KLIC,4.30542,88.76453
0,KLTR,-17.28395,-88.83333
0,KMT,12.26831,-14.63087
0,KN,31.55522,-19.82601
0,KNF,93.32112,140.96445
0,KNSA,69.7377,337.24662
0,KNTK,40.91419,113.82979
0,KOD,135.25641,-81.75037
0,KODK,21.59383,85.4902
0,KOP,1.20753,17.89336
0,KOS,-41.02921,-23.32731
0,KREF,15.18738,-41.09934
0,KRG,28.85572,50.75669
0,KRNY,7.71558,-47.53132
0,KRO,72.19796,-1.00418
0,KROS,111.57895,200.2988
0,KRRO,509.31727,-88.56669
0,KRT,30.14493,45.15086
0,KRUS,34.48845,433.63095
0,KRYS,59.29156,385.96253
0,KTB,74.91438,109.05602
0,KTOS,43.68084,27.42769
0,KURA,133.50923,18.23647
0,KW,-15.79353,-52.98925
0,KWR,9.25671,7.43774
0,KYMR,290.60403,39.98797
0,KYTX,-82.66667,-82.66667
0,LAB,-10.90047,-60.91476
0,LADR,19.91247,-37.19198
0,LANC,5.53442,22.95375
0,LAND,-3.68231,12.28956
0,LASR,27.14777,-18.08118
0,LAUR,9.08451,-1.33758
0,LAW,4.91228,-85.41463
0,LAZR,-77.97849,-91.96863
0,LBPH,1162.55319,256.3964
0,LBRT,-15.02666,101.72612
0,LC,130.82707,-3.53496
0,LCII,8.54119,20.75568
0,LCNB,15.64417,-16.03563
0,LCTX,-25.31034,-10.6712
0,LCUT,21.78218,-26.25899
0,LE,149.62179,38.53904
0,LEGH,42.59769,62.14018
0,LENZ,143.41987,-68.94701
0,LESL,-48.46154,-87.64977
0,LEU,83.56324,2087.03704
0,LFCR,-27.68595,-44.96855
0,LFMD,-32.68366,541.42857
0,LFST,35.12476,-67.85388
0,LGF-A,-0.91743119,-10.53254
0,LGF-B,-5.72626,-15.625
0,LGIH,22.44372,28.3668
0,LGND,107.90498,-1.64871
0,LIF,444799900.0,444799900.0
0,LILA,39.05579,-48.62579
0,LILAK,36.89459,-48.5546
0,LINC,51.22249,478.03738
0,LIND,55.10535,-44.8415
0,LIVN,9.57226,-29.94823
0,LKFN,33.6,45.15266
0,LLAP,-61.99109,-97.48321
0,LMAT,82.87247,148.79281
0,LMB,187.09339,1578.52761
0,LMND,60.53541,-73.21712
0,LMNR,94.60432,45.11803
0,LNKB,2.5974,-47.33333
0,LNN,-5.71594,25.27557
0,LNTH,65.35851,502.90479
0,LNZA,-56.32458,-81.51515
0,LOB,72.6446,157.23577
0,LOCO,54.98199,7.76294
0,LOVE,95.75472,49.74227
0,LPG,7.82895,172.25914
0,LPRO,-12.44094,-45.4367
0,LQDA,81.20915,144.27313
0,LQDT,14.53699,240.61538
0,LRMR,167.02128,-13.94286
0,LRN,47.50057,154.91124
0,LSEA,70.36011,20.11719
0,LTC,14.85659,-32.2691
0,LTH,80.67227,45.35211
0,LUMN,405.38462,-47.05882
0,LUNG,-27.27273,-84.12618
0,LUNR,183.03887,-16.99482
0,LVO,-37.49617,-61.95031
0,LVWR,-23.06748,-35.09317
0,LWAY,132.89589,1121.10092
0,LWLG,-9.7561,516.66667
0,LXEO,4.67662,4.67662
0,LXFR,46.24146,-21.22699
0,LXP,18.04697,-10.66417
0,LXRX,78.89908,-40.90909
0,LXU,1.67785,133.07692
0,LYEL,-28.20513,-93.36886
0,LYRA,-92.71642,-98.68534
0,LYTS,10.61828,205.38033
0,LZ,-31.38034,-81.74373
0,LZB,37.72082,13.14741
0,LZM,-37.08207,-37.01826
0,MAC,78.70281,-34.67799
0,MAMA,102.89474,219.91701
0,MAPS,-21.57522,-91.00305
0,MARA,113.82857,1047.85276
0,MASS,-36.70886,-92.85714
0,MATV,21.01227,-58.79896
0,MATW,-37.35839,-38.16148
0,MATX,57.57966,248.83299
0,MAX,99.37041,-40.36409
0,MBC,75.32348,89.7
0,MBCN,6.92368,18.17391
0,MBI,-37.04918,-60.7763
0,MBIN,62.04955,298.98336
0,MBUU,-13.9066,29.52646
0,MBWM,37.95737,23.35704
0,MC,73.56265,115.95842
0,MCB,76.88172,35.42373
0,MCBS,56.24676,120.32164
0,MCFT,-23.08394,11.72962
0,MCRI,23.05,72.5
0,MCS,6.42857,-54.53537
0,MCW,14.90909,-68.867
0,MCY,125.60272,20.73415
0,MD,2.57857,-45.41166
0,MDGL,65.89104,137.69914
0,MDWD,120.91672,-13.3232
0,MDXG,-4.8414,12.20472
0,MEC,74.67811,57.62974
0,MED,-74.53398,-82.52828
0,MEG,5.02666,25.36364
0,MEI,-55.11168,-69.28277
0,METC,-10.73542,182.35294
0,MFA,42.14781,-59.45323
0,MFIN,39.87635,45.73269
0,MG,125.0,-21.63429
0,MGEE,31.63382,20.15383
0,MGNI,69.78723,35.40724
0,MGNX,-22.0202,-66.08084
0,MGPI,-39.47586,23.78139
0,MGRC,7.789,51.82122
0,MGTX,64.10959,-59.00068
0,MGX,-81.3773,-81.3773
0,MGY,14.55752,151.6035
0,MHLD,9.55414,181.96721
0,MHO,114.52725,318.86745
0,MIR,106.28571,45.12563
0,MIRM,41.09,403.19693
0,MITK,-6.34096,-6.53527
0,MITT,50.30303,-83.74836
0,MKTW,-70.57286,-94.06687
0,ML,157.54251,-84.03061
0,MLAB,35.93352,-37.69105
0,MLI,105.53179,393.36071
0,MLKN,7.37991,-47.07275
0,MLNK,27.50302,553.07383
0,MLP,50.4104,104.55814
0,MLR,72.92576,96.77019
0,MLYS,64.44709,-25.0
0,MMI,34.01089,1.76406
0,MMS,15.01698,12.92308
0,MMSI,47.53592,213.01213
0,MNKD,61.85819,409.23077
0,MNMD,146.38783,881.81818
0,MNRO,11.54781,-65.77573
0,MNTK,-44.00407,-53.02643
0,MOD,223.09406,1064.40678
0,MODG,-18.93998,-49.90366
0,MODV,-64.3591,-76.38956
0,MOFG,47.52677,-8.01272
0,MOG-A,74.53861,129.38891
0,MOND,-70.25172,-86.51452
0,MOV,-31.07385,-24.85414
0,MPB,58.71942,19.66248
0,MPX,-29.89537,-31.43275
0,MQ,-2.44361,-82.99476
0,MRAM,-40.56974,7.07965
0,MRC,23.86588,11.64444
0,MRCY,-4.46478,-51.93917
0,MRSN,44.82759,22.80702
0,MRTN,-15.22567,8.03881
0,MRVI,27.62763,-71.52429
0,MSBI,11.90244,-13.43396
0,MSEX,0.37100015,-0.29176904
0,MSGE,43.03541,-52.08451
0,MTAL,6.33681,25.64103
0,MTH,72.81571,158.87701
0,MTRN,12.91295,70.72893
0,MTRX,-4.55675,-38.88594
0,MTTR,154.78723,-55.48824
0,MTUS,-22.96875,173.88889
0,MTW,-23.22681,-18.52771
0,MTX,48.99637,49.25316
0,MUR,-28.2307,73.66212
0,MVBF,-6.39423,-3.85185
0,MVIS,-42.48705,54.16667
0,MWA,82.30958,93.22917
0,MXCT,24.50331,-77.88235
0,MXL,-27.16113,-37.04686
0,MYE,-20.5972,-20.74209
0,MYFW,56.15727,28.51038
0,MYGN,47.41661,-27.94118
0,MYPS,-50.51903,-86.04878
0,MYRG,-1.03225,279.73595
0,NABL,0.0,-20.8125
0,NAPA,5.88803,-36.14668
0,NARI,-23.63795,3.19925
0,NAT,-15.18072,-10.6599
0,NATH,34.92013,17.18407
0,NATL,21.62645,21.62645
0,NATR,-27.65363,38.20704
0,NAUT,18.37607,-73.46743
0,NAVI,-11.01993,26.92308
0,NBBK,32.97023,32.97023
0,NBHC,43.62509,15.29737
0,NBN,96.43678,283.0121
0,NBR,-35.44841,-14.28736
0,NBTB,40.13389,16.20407
0,NC,-19.38275,-55.63492
0,NCMI,94.94382,-92.03215
0,NE,-31.0205,30.54545
0,NECB,90.97796,225.85194
0,NEO,-4.23049,-35.41564
0,NEOG,-6.58245,-56.83564
0,NEWT,-0.07423905,-39.55995
0,NEXT,25.05747,-14.73354
0,NFBK,34.17431,-30.76923
0,NG,4.06504,-38.8535
0,NGNE,298.93939,-2.84133
0,NGS,38.33686,61.9637
0,NGVC,114.61661,226.09223
0,NGVT,-16.78976,-60.19315
0,NHC,81.59053,46.11064
0,NHI,53.67208,-11.84801
0,NIC,46.83192,43.71232
0,NJR,12.42161,6.36696
0,NKSH,28.16901,-30.33493
0,NKTR,189.94577,-92.16018
0,NKTX,129.97275,-91.18998
0,NL,65.33613,93.84236
0,NLOP,56.18557,56.18557
0,NMIH,47.52809,34.0708
0,NMRA,43.66053,-13.53846
0,NMRK,176.09108,46.23116
0,NN,115.2968,-3.28205
0,NNBR,134.28571,-43.68132
0,NNE,427.16763,427.16763
0,NNI,30.76206,83.57599
0,NNOX,9.27273,-86.53372
0,NODK,26.90397,-14.21377
0,NOG,-4.18378,106.24309
0,NOTE,-10.0,-88.2085
0,NOVA,-39.30233,-52.28519
0,NOVT,27.76845,100.08002
0,NPCE,-4.90798,-75.16026
0,NPK,3.17395,-9.36632
0,NPO,30.28283,123.13771
0,NPWR,-37.75297,-9.44162
0,NR,6.30631,-0.14104372
0,NRC,-55.09182,-67.50647
0,NRDS,67.40331,-57.17314
0,NRDY,-68.75,-89.69072
0,NREF,2.18878,-20.53191
0,NRGV,-4.56853,-80.51813
0,NRIM,73.53391,76.59574
0,NRIX,443.28358,34.03472
0,NSIT,57.03662,278.49095
0,NSP,-11.05317,-16.66028
0,NSSC,107.38693,196.47989
0,NTB,43.06874,21.55534
0,NTCT,-2.82976,-3.96933
0,NTGR,97.11628,-34.29457
0,NTIC,-0.32679739,1.66667
0,NTLA,-21.46657,82.11454
0,NTST,17.6087,-8.56338
0,NUS,-67.84969,-85.79008
0,NUVB,105.21739,-76.4
0,NUVL,101.24329,439.54667
0,NVAX,64.61039,129.93197
0,NVCR,15.63611,-78.37586
0,NVEC,20.17836,17.27139
0,NVEE,-4.9513,29.32082
0,NVRI,57.03002,-48.30993
0,NVRO,-66.7304,-93.92458
0,NVTS,-52.41636,-76.47059
0,NWBI,28.5297,-24.65753
0,NWE,18.23039,-26.14152
0,NWFL,6.47399,-11.18611
0,NWN,6.02252,-42.2479
0,NWPX,65.73764,57.5415
0,NX,13.7373,60.3183
0,NXDT,-27.22646,-66.82135
0,NXRT,51.89655,-10.95614
0,NXT,-9.7203,7.02561
0,NYCB,-61.41914,-70.54674
0,NYMT,-30.0,-78.26613
0,OABI,-14.43737,-58.70902
0,OB,1.76991,-77.0
0,OBIO,15.84582,-52.54386
0,OBK,15.16484,-6.03706
0,OBT,35.68392,95.17986
0,OCFC,40.91627,-25.57363
0,OCGN,134.6,-53.31343
0,OCUL,390.08621,234.41176
0,ODC,20.45415,99.85397
0,ODP,-30.51537,59.27461
0,OEC,-13.92016,1.63142
0,OFG,37.62136,76.16511
0,OFIX,43.23607,-69.3646
0,OFLX,-33.30194,-46.84752
0,OGS,12.98562,-22.53565
0,OI,-16.08579,25.32533
0,OII,-2.22402,77.53304
0,OIS,-42.74301,-67.69346
0,OLMA,10.73394,-75.36735
0,OLO,-9.56679,-85.58273
0,OLP,51.81058,-3.02491
0,OLPX,32.46753,-91.67347
0,OMCL,6.30418,-47.92846
0,OMER,266.07143,-74.31078
0,OMI,-5.3719,90.04149
0,ONB,36.04903,4.48505
0,ONEW,-5.42402,45.11229
0,ONIT,22.10953,22.10953
0,ONL,-13.80753,-83.52
0,ONTF,6.79117,-91.11833
0,OOMA,2.96108,5.09499
0,OPAD,-66.39248,-98.12705
0,OPCH,-5.07156,112.46518
0,OPEN,-14.08451,-83.06152
0,OPFI,129.05983,-45.58376
0,OPK,15.07937,-31.92488
0,OPRX,-26.95548,-55.07032
0,ORA,23.46154,4.49219
0,ORC,24.64899,-72.63699
0,ORGO,41.36364,-58.3668
0,ORIC,67.03297,-64.61001
0,ORN,10.09174,34.52915
0,ORRF,79.60494,60.64488
0,OSBC,20.02935,33.55102
0,OSCR,220.68273,-54.1092
0,OSIS,26.49088,47.10601
0,OSPN,69.07675,-0.58862001
0,OSUR,-22.93233,-49.87775
0,OSW,67.72592,11.70635
0,OTLK,-38.55292,-77.42063
0,OTTR,10.88968,41.021
0,OUST,106.76692,-91.49485
0,OUT,99.36306,-30.44444
0,OVID,-66.57303,-44.65116
0,OVLY,8.82957,57.17675
0,OXM,-11.16825,16.54444
0,PACB,-74.65565,-65.3484
0,PACK,74.85549,2.54237
0,PACS,77.26087,77.26087
0,PAGS,9.12647,-78.51091
0,PAHC,109.66312,9.79573
0,PAL,-39.66102,-39.66102
0,PANL,8.90411,95.69231
0,PAR,91.24268,164.13969
0,PARR,-45.42102,-21.52011
0,PATK,92.75144,212.66948
0,PAX,-14.58647,-42.91457
0,PAYO,45.81882,-13.53306
0,PAYS,121.89349,-66.96035
0,PBF,-30.82105,9.06074
0,PBFS,31.86683,-14.69231
0,PBH,20.74513,101.86863
0,PBI,112.72727,46.55532
0,PBPB,0.71428571,110.97257
0,PBYI,21.64502,-59.45166
0,PCB,18.97128,6.45547
0,PCH,0.02342469,-0.04681648
0,PCRX,-38.12924,-56.2705
0,PCT,156.58199,8.92157
0,PCVX,146.16205,341.4914
0,PCYO,14.46674,-3.47284
0,PD,-4.66531,-24.55859
0,PDCO,-30.42484,22.56765
0,PDFS,3.03983,99.66148
0,PDLB,54.22819,-18.51064
0,PDM,108.70406,-48.57007
0,PEB,-3.47759,-53.02745
0,PEBK,16.81334,-18.51373
0,PEBO,19.96849,-5.84235
0,PECO,8.7886,537.21739
0,PEPG,62.08178,-32.35066
0,PESI,62.85073,229.77273
0,PETQ,63.86243,19.62148
0,PFBC,36.48219,54.39758
0,PFC,45.81311,-18.76268
0,PFIS,16.51584,-2.85056
0,PFMT,85.16746,275.72816
0,PFS,33.50072,-25.64922
0,PFSI,64.84449,217.51891
0,PGC,17.90303,1.20953
0,PGEN,-11.69524,-82.03101
0,PGNY,-48.48771,2.57215
0,PGRE,19.31818,-59.55316
0,PGY,-8.02469,-90.06667
0,PHAT,65.63501,-36.91057
0,PHIN,72.54601,21.62162
0,PHR,36.94134,-28.82033
0,PI,341.04854,633.41944
0,PINE,22.11859,-3.52632
0,PIPR,122.38283,304.36255
0,PJT,98.44762,260.49534
0,PKBK,35.12638,-1.32513
0,PKE,1.18632,-11.26071
0,PKOH,32.76481,-5.10106
0,PKST,-1.96226,11.50215
0,PL,8.05687,-76.9697
0,PLAB,25.0533,102.94118
0,PLAY,1.08417,-13.39526
0,PLBC,24.55784,100.27972
0,PLL,-64.48567,35.52124
0,PLMR,98.49732,113.86117
0,PLOW,-11.09608,-42.01236
0,PLPC,-9.93625,133.18156
0,PLRX,8.99628,-31.17371
0,PLSE,349.74747,13.43949
0,PLUG,-59.69388,-18.83562
0,PLUS,56.88073,156.09564
0,PLXS,52.60446,110.32886
0,PLYM,5.71573,10.0
0,PMT,27.63401,-39.37665
0,PMTS,45.0713,978.34101
0,PNRG,50.43783,5.4737
0,PNTG,208.4507,78.43563
0,POR,23.25286,-14.85253
0,POWI,-10.08415,38.61038
0,POWL,284.19103,626.60265
0,POWW,-50.4,-8.14815
0,PPBI,24.78006,-19.96865
0,PPTA,185.16484,28.14815
0,PRA,-12.84507,-62.63285
0,PRAA,33.65253,-44.23516
0,PRAX,335.29762,-82.46283
0,PRCH,153.79803,-85.65657
0,PRCT,151.93942,62.61326
0,PRDO,17.77143,39.63415
0,PRG,62.84626,-36.46312
0,PRGS,30.08357,65.05933
0,PRIM,110.67154,199.19736
0,PRK,80.98599,71.52123
0,PRKS,27.97865,87.95438
0,PRLB,17.54967,-72.92143
0,PRLD,-16.82243,-93.20611
0,PRM,327.18447,10.0
0,PRME,-37.48212,-71.56799
0,PRMW,107.61689,134.69736
0,PRO,-44.04083,-66.97378
0,PROK,4.46927,-81.50346
0,PROP,-42.51613,-84.85209
0,PRPL,-28.96032,-87.35734
0,PRTA,-60.95599,97.84173
0,PRTH,92.92605,37.93103
0,PRVA,-20.57373,-22.95652
0,PSFE,128.01236,-81.45729
0,PSMT,28.66732,35.72798
0,PSTL,10.53829,-14.13428
0,PSTX,19.04762,-83.71336
0,PTCT,68.81862,5.34393
0,PTEN,-41.13264,-4.81928
0,PTGX,227.11744,282.6811
0,PTLO,-14.72185,-56.80412
0,PTON,16.59574,-75.38185
0,PTSI,-5.89286,9.79167
0,PTVE,50.18963,8.69167
0,PUBM,27.50836,-48.21732
0,PUMP,-27.85647,-6.25767
0,PVBC,11.63032,-7.32759
0,PWP,132.19979,120.70707
0,PX,21.9193,-7.45033
0,PYXS,130.0,-72.12121
0,PZZA,-15.23498,-3.64408
0,QBTS,56.12903,-88.07882
0,QCRH,64.36709,99.15644
0,QIPT,-36.52561,13.09524
0,QLYS,-19.47921,61.24026
0,QNST,84.57031,48.58491
0,QRHC,12.32877,230.35211
0,QSI,-36.43651,-91.89372
0,QTRX,-37.92757,-37.92757
0,QTTB,167.48366,-80.01221
0,QTWO,170.5806,17.41027
0,QUAD,21.59329,-44.55067
0,QUIK,-14.70588,61.11111
0,RAMP,-10.88608,-36.0
0,RAPP,18.84615,18.84615
0,RAPT,-85.55751,-87.34615
0,RBB,103.86304,16.15808
0,RBBN,72.58883,-39.50178
0,RBCAA,55.06139,50.76577
0,RC,-25.15991,-56.95892
0,RCEL,3.44149,-77.10555
0,RCKT,4.75624,29.08425
0,RCKY,108.02377,-15.15152
0,RCUS,4.88257,100.11792
0,RDFN,102.54902,-43.61354
0,RDN,37.56529,41.42916
0,RDNT,142.82088,334.02463
0,RDUS,-27.44265,-16.80468
0,RDVT,61.03137,95.92497
0,RDW,242.10526,-12.58405
0,RDZN,-77.99511,-90.88146
0,REAL,111.18881,-86.04436
0,REAX,251.02041,177.00236
0,REFI,7.88555,-6.24621
0,REI,-13.21839,-6.79012
0,REKR,-60.71429,-44.16244
0,RELL,23.62983,139.30435
0,RELY,-44.81079,-69.59752
0,RENB,-78.65942,-89.36823
0,REPL,-16.81935,-23.10298
0,REPX,-11.4791,275.06812
0,RES,-27.6958,27.65531
0,REVG,98.69326,135.64437
0,REX,24.20821,75.78254
0,REZI,44.90644,38.20225
0,RGCO,22.95285,-33.71237
0,RGLS,19.04762,-78.87324
0,RGNX,-33.39756,-73.62665
0,RGP,-37.55556,-41.90214
0,RGR,-22.29502,-8.10272
0,RGTI,10.34483,-87.07071
0,RHP,26.64706,27.66841
0,RICK,-16.104,120.61224
0,RIG,-40.0,-6.9869
0,RIGL,82.16482,-11.84524
0,RILY,-84.12366,-75.02061
0,RIOT,0.72388831,472.94118
0,RKLB,173.96594,15.55829
0,RLAY,0.15576324,-81.65478
0,RLGT,15.61404,17.05151
0,RLJ,-5.10417,-45.48175
0,RM,25.0,3.05085
0,RMAX,12.78195,-63.48144
0,RMBL,-26.75439,-91.7053
0,RMBS,-24.17122,209.74702
0,RMNI,-13.86139,-58.07229
0,RMR,9.70446,-46.6309
0,RNA,826.78571,63.89474
0,RNAC,-32.8869,-47.06573
0,RNGR,-10.91298,131.2963
0,RNST,33.89831,-9.85249
0,ROAD,121.32218,400.88705
0,ROCK,8.17929,45.69288
0,ROG,-16.7764,-32.96013
0,ROIC,34.2735,-16.92226
0,ROOT,316.7756,-92.12757
0,RPAY,24.67105,-45.15195
0,RPD,-19.79017,-15.33116
0,RRBI,7.97441,17.08671
0,RRR,24.0,149.30589
0,RSI,194.50549,11.43451
0,RSVR,55.08021,-13.17365
0,RUN,39.17004,-19.35484
0,RUSHA,33.51449,180.22814
0,RVLV,96.25187,15.53398
0,RVMD,160.1471,65.22491
0,RVNC,-37.06794,-66.30504
0,RWT,11.62444,-55.60166
0,RXO,52.52898,37.85714
0,RXRX,18.59649,-62.44444
0,RXST,110.5,215.75
0,RXT,93.89313,-84.50275
0,RYAM,150.51195,73.93365
0,RYI,-18.79473,161.01695
0,RYTM,131.93161,113.03056
0,SABR,-4.0107,-83.15345
0,SAFE,56.33709,-31.51163
0,SAFT,12.47427,-18.56121
0,SAGE,-57.5939,-94.47165
0,SAH,20.15334,82.83333
0,SAMG,8.09285,34.19003
0,SANA,31.0,-88.80342
0,SANM,30.76923,104.63453
0,SASR,60.74861,-8.67816
0,SATS,79.76625,-36.47393
0,SAVA,113.60947,2347.45763
0,SAVE,-86.32219,-94.06019
0,SB,34.66258,142.54144
0,SBCF,35.56231,3.28059
0,SBGI,66.46825,-60.45251
0,SBH,60.95979,-19.8838
0,SBRA,32.78571,-22.11982
0,SBSI,20.16655,-6.08376
0,SBT,-17.80105,-52.9
0,SCHL,-31.09312,-32.99213
0,SCL,-0.90260003,-23.43083
0,SCPH,-19.34307,-25.58923
0,SCS,23.34928,-29.36986
0,SCSC,54.86179,54.58529
0,SCVL,59.63855,117.97885
0,SCWO,4.21687,1822.22222
0,SD,-28.34793,163.82488
0,SDGR,-18.50841,-37.43017
0,SDRL,-11.63645,36.11321
0,SEAT,-32.75862,-60.34286
0,SEM,42.20026,93.05718
0,SEMR,61.84211,-3.35714
0,SENEA,17.67725,82.78713
0,SERA,318.28571,-38.48739
0,SES,-67.46759,-93.46326
0,SEVN,35.56202,-32.64324
0,SEZL,1756.81382,138.62852
0,SFBS,76.22898,144.27729
0,SFIX,-7.52351,-87.16833
0,SFL,3.125,-25.0501
0,SFM,175.89286,539.36836
0,SFNC,48.33876,-5.32225
0,SFST,39.15733,-11.65644
0,SG,240.75786,-25.51515
0,SGC,98.7013,-3.28698
0,SGHC,19.24198,-58.05128
0,SGHT,58.62069,-83.52239
0,SGRY,28.08357,297.01121
0,SHAK,98.2191,18.62418
0,SHBI,40.01986,-11.04101
0,SHEN,-37.254,-55.53033
0,SHLS,-67.58665,-83.69916
0,SHO,11.02703,-25.74114
0,SHOO,42.12598,29.53354
0,SHYF,7.20562,-17.84512
0,SIBN,-25.50607,-19.65066
0,SIG,34.07356,526.86567
0,SIGA,31.04762,25.54745
0,SIGI,-5.45047,27.96252
0,SITC,85.8427,38.75839
0,SITM,75.46451,1316.53846
0,SJW,3.40017,-18.86715
0,SKIN,-65.5914,-85.23985
0,SKT,48.73693,101.47493
0,SKWD,70.70227,144.34555
0,SKY,58.53824,202.85066
0,SKYE,81.15385,-94.61714
0,SKYH,62.25854,8.39463
0,SKYT,81.68224,-45.20857
0,SKYW,155.35667,64.7931
0,SLAB,13.91391,3.71856
0,SLDB,173.23944,-96.80658
0,SLDP,-10.21898,-87.7
0,SLG,148.06202,-10.92554
0,SLND,-42.61275,-62.15385
0,SLNO,124.51963,145.43379
0,SLP,-12.61789,-1.72018
0,SLQT,63.33333,-92.74074
0,SLRN,-38.44622,-65.66667
0,SLVM,104.19378,238.88
0,SM,0.76518412,485.27778
0,SMBC,48.6206,61.98621
0,SMBK,48.15725,47.07317
0,SMHI,-36.42857,-34.75073
0,SMID,64.32548,335.46934
0,SMLR,-12.2807,-39.65132
0,SMMT,1064.77273,1032.59669
0,SMP,-5.30446,-39.52696
0,SMPL,0.12285012,28.9557
0,SMR,449.56522,90.55276
0,SMRT,-26.58228,-84.32432
0,SMTC,177.8129,-12.60688
0,SMTI,17.85211,204.27273
0,SMXT,-78.5775,-78.5775
0,SNBR,-32.76995,-70.14801
0,SNCY,-8.31526,-65.14568
0,SNDA,195.24336,-60.01498
0,SNDX,71.4662,188.47858
0,SNEX,48.98876,220.88608
0,SOC,79.94297,95.15464
0,SONO,18.37104,-0.75872534
0,SOUN,228.65854,-28.13333
0,SPCE,-76.3961,-96.49807
0,SPFI,36.32,106.79612
0,SPHR,35.79137,10.81213
0,SPIR,169.6793,-88.0799
0,SPNS,50.51793,89.84925
0,SPNT,33.49754,35.77154
0,SPOK,6.50177,36.13369
0,SPRY,390.32258,-33.12
0,SPSC,22.42244,301.97917
0,SPT,-37.69231,70.78313
0,SPTN,-4.48689,64.75096
0,SPXC,104.72551,288.89427
0,SR,17.21515,-21.28089
0,SRCE,34.10626,17.93704
0,SRDX,33.50713,-14.07159
0,SRI,-41.37721,-70.88378
0,SRRK,297.87517,226.00653
0,SSB,48.56087,23.47448
0,SSBK,33.7328,52.40263
0,SSP,-55.39216,-80.10204
0,SSRM,-56.49441,-56.00282
0,SST,-6.95652,-89.32136
0,SSTI,-21.30584,-41.90766
0,SSTK,-16.64312,-15.56955
0,STAA,-26.13718,8.79121
0,STBA,51.46886,5.13866
0,STC,71.21212,73.13585
0,STEL,19.53596,-11.81102
0,STEM,-84.2071,-94.49691
0,STEP,111.61062,139.12
0,STER,40.0,-36.24535
0,STGW,61.76471,125.25597
0,STHO,16.3964,-35.4
0,STI,-96.71179,-96.42184
0,STKL,56.49867,295.97315
0,STKS,-15.49943,30.49645
0,STNE,10.08991,-67.75892
0,STNG,20.88631,99.1026
0,STOK,247.51381,-44.63028
0,STR,-7.40589,-12.82743
0,STRA,10.21113,-33.38232
0,STRL,130.80062,885.4611
0,STRO,23.38983,-66.78832
0,STRS,-10.19787,-14.86291
0,STRW,75.71214,17.2
0,STTK,-12.58741,-93.54005
0,STXS,30.66667,-44.94382
0,SUM,28.70457,81.30101
0,SUNS,31.63636,-17.02006
0,SUPN,41.70875,26.34146
0,SVC,-50.13928,-86.14015
0,SVCO,-67.27273,-67.27273
0,SVRA,12.26415,307.06956
0,SVV,-31.54639,-56.52553
0,SWBI,-2.84672,148.3209
0,SWI,41.7124,-35.64307
0,SWIM,189.95816,-74.56881
0,SWKH,4.78288,32.14286
0,SWTX,40.57169,48.00971
0,SWX,28.89394,-17.24719
0,SXC,-8.53132,49.38272
0,SXI,24.61235,142.82379
0,SXT,35.78855,27.66733
0,SYBT,65.13667,70.31915
0,SYNA,-17.84686,73.93954
0,SYRE,161.32151,-83.34788
0,TALK,47.89474,-72.17822
0,TALO,-38.90306,-48.74264
0,TARS,179.31034,77.1137
0,TAYD,107.42056,352.50194
0,TBBK,74.77421,449.6572
0,TBI,-45.82723,-66.89038
0,TBPH,-4.83516,-49.70964
0,TCBI,42.22346,39.12491
0,TCBK,40.72869,17.17226
0,TCBX,70.19291,9.35626
0,TCI,-2.9361,-4.56784
0,TCMD,28.29181,-69.10883
0,TCRX,71.66124,-49.80952
0,TCX,0.30785018,-65.72581
0,TDOC,-48.36202,-86.44907
0,TDS,56.75526,9.43177
0,TDUP,-75.65461,-96.2995
0,TDW,-9.1394,298.16804
0,TELO,-38.14286,-38.14286
0,TENB,-0.28395646,95.45455
0,TERN,30.45045,-60.63078
0,TEX,13.8244,97.76311
0,TFIN,47.54565,167.28376
0,TG,62.55144,-59.87811
0,TGI,106.56635,-25.79853
0,TGLS,143.7037,860.27919
0,TGNA,19.4626,3.1995
0,TGTX,264.27504,341.48551
0,TH,-48.35779,27.85467
0,THFF,32.20392,-1.61925
0,THR,8.37514,21.08668
0,THRD,103.53846,-22.17647
0,THRM,-22.29496,-4.7664
0,THRY,-3.06818,59.73783
0,THS,0.4240459,-25.48584
0,TILE,114.38053,28.34437
0,TIPT,27.27273,169.08602
0,TITN,-39.50413,-10.01844
0,TK,27.42424,105.12195
0,TLS,64.47368,-81.51799
0,TLYS,-48.33948,-59.84704
0,TMCI,-47.08786,-79.00509
0,TMDX,201.3314,602.08686
0,TMHC,71.80594,147.04164
0,TMP,25.16951,-26.51387
0,TNC,24.6663,31.6789
0,TNDM,77.56377,-46.22418
0,TNET,-18.76447,53.50715
0,TNGX,1.41844,-30.10753
0,TNK,26.10294,257.29167
0,TNYA,-3.0303,-87.49186
0,TOWN,53.50638,20.22111
0,TPB,102.30805,97.74401
0,TPC,331.22363,82.82648
0,TPH,77.32372,176.1073
0,TPIC,92.15686,-79.50863
0,TRAK,102.27508,257.58684
0,TRC,6.93717,-1.50693
0,TRDA,14.24802,-27.68267
0,TREE,390.90909,-82.16196
0,TRMK,64.28224,-3.51529
0,TRML,199.20719,-82.58154
0,TRN,60.51643,86.01741
0,TRNO,23.04551,17.88709
0,TRNS,42.62683,398.12312
0,TROX,28.15443,59.36768
0,TRS,21.19636,-9.22078
0,TRST,26.67185,-21.39928
0,TRTX,46.34146,-57.89474
0,TRUE,94.21053,9.82143
0,TRUP,136.86292,138.32891
0,TRVI,89.26554,-12.98701
0,TSBK,7.62743,10.25545
0,TSHA,-7.33945,-91.60432
0,TSQ,17.63341,66.50246
0,TSVT,32.8877,-63.90704
0,TTEC,-74.52348,-88.47771
0,TTGT,12.87205,26.24297
0,TTI,-45.69536,97.59036
0,TTMI,62.72189,54.0
0,TTSH,31.75542,99.40299
0,TUSK,0.91116173,122.61307
0,TVGN,-83.44066,-81.89135
0,TVTX,157.46799,59.05097
0,TWI,-39.73064,161.31387
0,TWIN,-13.87454,15.88878
0,TWKS,18.35106,-84.8588
0,TWO,21.42189,-76.27924
0,TWST,184.86181,87.86247
0,TXNM,-1.87021,-16.18553
0,TYRA,121.12237,9.11538
0,UBSI,39.06728,-7.19388
0,UCB,24.56992,-3.18821
0,UCTT,55.91907,125.52927
0,UDMY,-8.78156,-69.78182
0,UE,50.99931,5.33654
0,UEC,50.26738,710.57692
0,UFCS,2.08955,-55.97511
0,UFPI,37.38172,217.44354
0,UFPT,89.96495,617.47977
0,UHG,-16.01208,-42.97436
0,UHT,8.42217,-62.83913
0,UIS,146.93141,-11.62791
0,ULBI,-12.63574,2.31214
0,ULCC,68.53659,-63.34218
0,ULH,80.47538,70.35256
0,UMBF,74.68873,62.10094
0,UMH,36.29032,22.62533
0,UNF,16.86392,-4.23137
0,UNFI,40.86837,195.80318
0,UNIT,29.53488,-28.12903
0,UNTY,65.95373,79.93374
0,UP,46.15385,-97.8923
0,UPBD,6.30764,7.77861
0,UPST,115.59294,78.283
0,UPWK,-6.7718,-30.73742
0,URBN,10.74555,32.07343
0,URG,-16.12903,121.08844
0,URGN,11.58645,-43.55275
0,USAP,288.17778,216.44928
0,USCB,43.41085,36.78373
0,USLM,160.67839,559.56771
0,USNA,-35.7588,-49.85694
0,USPH,-3.66009,-40.4
0,UTI,98.62843,189.63636
0,UTL,31.94196,-5.8758
0,UTMD,-18.18634,-33.0108
0,UTZ,40.04975,64.94141
0,UUUU,-10.68211,269.14894
0,UVE,38.48921,-33.89423
0,UVSP,60.99881,6.57222
0,UVV,10.45141,-8.69485
0,VABK,54.48148,11.82306
0,VAL,-24.72471,116.32911
0,VALU,42.37681,88.77786
0,VBTX,55.26164,6.63507
0,VC,-29.87449,4.23004
0,VCEL,22.85203,160.13898
0,VCSA,-67.71546,-76.4
0,VCTR,109.74003,283.21723
0,VCYT,59.53757,26.46048
0,VECO,21.38844,144.7411
0,VEL,72.17778,43.37528
0,VERA,340.1507,255.56522
0,VERU,16.18451,-57.4878
0,VERV,-39.47655,-82.61278
0,VERX,86.24132,79.31467
0,VGAS,13.20755,-57.36041
0,VHI,200.0,50.62189
0,VIAV,23.63878,-38.18061
0,VICR,-16.03082,37.43464
0,VIR,-6.36475,-46.91187
0,VIRC,127.03125,257.88177
0,VITL,267.32767,10.32331
0,VLGEA,21.62162,15.69926
0,VLY,14.03061,-23.2618
0,VMD,47.75641,8.03464
0,VMEO,58.82353,-91.47368
0,VNDA,11.5566,-65.32258
0,VPG,-23.92834,-26.24069
0,VRA,-26.52482,-52.38971
0,VRCA,-55.64972,-89.58195
0,VRDN,120.95324,81.32841
0,VRE,10.80207,-21.78082
0,VREX,-28.6927,-56.76047
0,VRNS,83.56336,178.93232
0,VRNT,14.07595,-47.10026
0,VRRM,35.41033,87.97468
0,VRTS,26.7996,116.7533
0,VSAT,-46.37177,-84.99513
0,VSCO,51.19111,-32.8
0,VSEC,87.18848,196.14486
0,VSH,-21.75439,-2.35359
0,VSTM,-46.07251,-73.67257
0,VSTO,84.81172,590.15625
0,VTLE,-47.7527,-40.625
0,VTOL,25.60748,55.26802
0,VTS,1.9656,42.28571
0,VTSI,32.9087,144.20691
0,VTYX,-84.70889,-88.62988
0,VVI,74.7714,-38.64001
0,VVX,25.85346,41.85419
0,VYGR,12.48164,-50.13021
0,VYX,-15.37459,-29.55531
0,VZIO,123.80952,-40.94241
0,WABC,11.89851,-21.56983
0,WAFD,40.49587,-7.07844
0,WALD,-61.49425,-65.98985
0,WASH,28.84848,-35.86082
0,WAY,32.46377,32.46377
0,WBTN,-49.73913,-49.73913
0,WD,68.549,82.79024
0,WDFC,22.87072,42.56094
0,WEAV,99.12664,-27.19532
0,WERN,1.35648,1.21918
0,WEST,-18.37209,-27.55418
0,WEYS,24.57597,36.98413
0,WGO,0.763094,37.35225
0,WGS,1777.09677,-82.0068
0,WHD,19.51658,118.1984
0,WINA,-3.87425,113.70718
0,WK,-16.84341,99.72799
0,WKC,53.03105,-23.25754
0,WLDN,149.25865,18.32638
0,WLFC,374.01985,248.34063
0,WLY,62.42266,12.67224
0,WMK,-0.20123839,77.40782
0,WNC,-13.67188,20.43597
0,WNS,-20.74377,-25.46125
0,WOOF,39.03904,-84.2517
0,WOR,12.9863,89.435
0,WOW,-27.83505,-17.36931
0,WRBY,31.40794,-66.59938
0,WRLD,16.5134,-4.61426
0,WS,38.72,38.72
0,WSBC,29.18255,-21.04582
0,WSBF,49.39024,-15.27378
0,WSFS,45.64267,13.02873
0,WSR,53.57143,2.01294
0,WT,57.12121,109.07258
0,WTBA,33.1384,-9.29615
0,WTI,-48.27586,-50.0
0,WTS,19.65335,121.62368
0,WTTR,48.12332,47.33333
0,WULF,417.5,1.80328
0,WVE,180.85502,-30.07867
0,WWW,100.0,-43.26192
0,XBIT,90.6801,-22.6762
0,XERS,79.28994,-64.64411
0,XFOR,-39.65203,-95.9903
0,XHR,25.5374,-30.37673
0,XMTR,31.99498,-75.92402
0,XNCR,17.83119,-41.84828
0,XOMA,64.22389,58.55153
0,XPEL,-17.67778,302.94985
0,XPER,10.92832,-31.34545
0,XPOF,-8.30351,4.57143
0,XPRO,-21.3035,-46.38834
0,XRX,-24.92582,-66.22163
0,YELP,-19.48547,1.04634
0,YEXT,20.23609,-50.58905
0,YMAB,176.80608,-48.33215
0,YORW,6.00227,-14.88975
0,YOU,111.32948,-8.6
0,ZD,-25.33878,-44.67175
0,ZETA,244.30218,202.47469
0,ZEUS,-17.09834,178.42999
0,ZIMV,90.34853,-49.28571
0,ZIP,-7.98479,-54.12322
0,ZNTL,-80.67633,-86.2069
0,ZUMZ,31.60096,-33.38373
0,ZUO,29.37337,-29.76612
0,ZURA,-2.0284,-33.28729
0,ZVRA,99.0676,-4.6875
0,ZWS,44.64496,176.38681
0,ZYME,88.14286,-56.76297
0,ZYXI,14.81481,-15.37676
